S,MLS #,Street Address,Price,DOM,Beds Total,Sq Ft Total,Bths,Lot Size,Postal City,Property Sub Type,Age
S,CRPW22060703,5891 Pontius Court,"$1,600,000 ",,4,"1,348",2|0,"6,000 Lot SqFt",San Jose,Res. Single Family,51
S,CRSW22074064,19600 Caraway Place,"$1,390,000 ",,4,"2,501",2|1,"3,717 Lot SqFt",Morgan Hill,Res. Single Family,6
S,CROC22075329,1440 Mount Diablo Drive,"$985,000 ",,3,"1,000",2|0,"5,000 Lot SqFt",San Jose,Res. Single Family,64
S,CRPTP2202461,555 N 10th Street,"$960,000 ",,3,"1,200",1|0,"9,520 Lot SqFt",San Jose,Res. Single Family,114
S,ML81893571,27729 Briones Court,"$9,335,000 ",0,5,"4,827",4|1,1.00 Acres,Los Altos Hills,Res. Single Family,7
S,ML81893549,1310 Villa Drive,"$7,850,000 ",0,5,"3,793",5|1,"20,037 Lot SqFt",Los Altos,Res. Single Family,16
S,ML81893164,13147 REGAN Lane,"$5,150,000 ",0,4,"2,861",2|1,"14,588 Lot SqFt",Saratoga,Res. Single Family,43
S,ML81893613,690 N California Avenue,"$5,000,000 ",0,3,"2,005",2|0,"7,684 Lot SqFt",Palo Alto,Res. Single Family,83
S,ML81893115,755 Newell Road,"$4,250,000 ",0,3,"2,504",2|1,"10,802 Lot SqFt",Palo Alto,Res. Single Family,47
S,ML81891958,20711 Hanford Drive,"$4,175,000 ",0,5,"3,296",3|1,"9,775 Lot SqFt",Cupertino,Res. Single Family,25
S,ML81891178,464 Cherry Avenue,"$4,000,000 ",0,2,"1,060",1|0,"17,475 Lot SqFt",Los Altos,Res. Single Family,67
S,EB40995805,813 La Crosse Ct ,"$3,600,000 ",0,4,"1,768",2|0,"8,064 Lot SqFt",Sunnyvale,Res. Single Family,61
S,ML81891911,1037 Cynthia Lane,"$2,710,000 ",0,3,"1,240",2|0,"7,072 Lot SqFt",San Jose,Res. Single Family,66
S,ML81895256,1002 Brackett Way,"$2,700,000 ",0,3,"2,331",2|1,"3,702 Lot SqFt",Santa Clara,Res. Single Family,19
S,ML81885805,4568 Winding Way,"$2,660,000 ",0,3,"1,607",2|0,"5,487 Lot SqFt",San Jose,Res. Single Family,58
S,ML81889333,1116 Steinway Avenue,"$2,650,000 ",0,4,"2,175",3|0,"7,874 Lot SqFt",Campbell,Res. Single Family,62
S,ML81887638,230 S Midway Street,"$2,620,000 ",0,3,"2,444",2|0,"12,196 Lot SqFt",Campbell,Res. Single Family,70
S,ML81891984,521 Davenport Court,"$2,550,000 ",0,2,"1,172",2|0,"4,020 Lot SqFt",Sunnyvale,Res. Single Family,54
S,ML81891130,18708 Martha Avenue,"$2,380,000 ",0,3,"1,128",1|0,"11,088 Lot SqFt",Saratoga,Res. Single Family,71
S,SF422649163,807 Iris Avenue,"$2,250,000 ",0,3,"1,312",2|0,"6,561 Lot SqFt",Sunnyvale,Res. Single Family,0
S,ML81895838,1116 Beaumont Drive,"$2,190,000 ",0,4,"1,607",2|0,"6,000 Lot SqFt",San Jose,Res. Single Family,58
S,ML81885265,1488 Darlene Avenue,"$1,999,999 ",0,3,"1,780",2|0,"6,062 Lot SqFt",San Jose,Res. Single Family,71
S,ML81894291,2015 Jeanie Lane,"$1,910,000 ",0,4,"2,188",3|0,1.65 Acres,Gilroy,Res. Single Family,49
S,ML81892266,1533 Puerto Vallarta Drive,"$1,900,000 ",0,4,"1,692",2|0,"7,918 Lot SqFt",San Jose,Res. Single Family,57
S,BE40995592,6262 Mountford Dr ,"$1,606,262 ",0,3,"1,767",2|0,"5,500 Lot SqFt",San Jose,Res. Single Family,53
S,ML81888384,3377 San Rivas Drive,"$1,565,000 ",0,5,"2,089",3|1,"6,106 Lot SqFt",San Jose,Res. Single Family,38
S,ML81894650,9681 Ohlone Way,"$1,500,000 ",0,5,"2,850",3|1,"6,844 Lot SqFt",Gilroy,Res. Single Family,20
S,ML81887220,15560 La Alameda Drive,"$1,405,000 ",0,3,"1,558",2|0,"12,231 Lot SqFt",Morgan Hill,Res. Single Family,54
S,ML81894829,553 Fir Avenue,"$1,400,000 ",0,3,"1,419",2|0,"4,392 Lot SqFt",Sunnyvale,Res. Single Family,70
S,ML81879974,1944 Biscayne Way,"$1,300,000 ",0,4,"1,616",3|0,"6,569 Lot SqFt",San Jose,Res. Single Family,63
S,ML81891530,1827 CREEK Drive,"$1,250,000 ",0,2,"1,167",1|0,"5,336 Lot SqFt",San Jose,Res. Single Family,72
S,ML81888969,1220 Longmeadow Drive,"$1,090,000 ",0,4,"1,735",2|1,"6,810 Lot SqFt",Gilroy,Res. Single Family,29
S,ML81894274,1625 Saralynn Drive,"$1,052,000 ",0,3,"1,204",1|1,"5,044 Lot SqFt",San Jose,Res. Single Family,59
S,ML81893429,1240 Torres Avenue,"$1,050,000 ",0,3,"1,020",2|0,"6,232 Lot SqFt",Milpitas,Res. Single Family,51
S,ML81890751,904 Hellyer Avenue,"$1,000,000 ",0,4,"1,971",2|0,"6,240 Lot SqFt",San Jose,Res. Single Family,49
S,ML81886283,1570 Barberry Court,"$1,000,000 ",0,3,"1,220",2|0,"5,975 Lot SqFt",San Jose,Res. Single Family,43
S,ML81895843,396 Gridley Court,"$915,000 ",0,3,"1,287",2|0,"8,000 Lot SqFt",San Jose,Res. Single Family,49
S,ML81892354,14790 Manuella Road,"$12,000,000 ",1,5,"10,266",8|1,1.10 Acres,Los Altos Hills,Res. Single Family,15
S,ML81889814,481 Carmelita Drive,"$5,300,000 ",1,5,"3,912",4|1,"10,890 Lot SqFt",Mountain View,Res. Single Family,0
S,ML81885620,573 Palo Alto Avenue,"$3,000,000 ",1,3,"1,545",1|0,"7,731 Lot SqFt",Mountain View,Res. Single Family,102
S,ML81888348,1505 Hester Avenue,"$2,888,888 ",1,5,"2,711",4|0,"8,319 Lot SqFt",San Jose,Res. Single Family,5
S,ML81888914,1629 Andalusia Way,"$2,478,000 ",1,4,"1,656",2|0,"6,531 Lot SqFt",San Jose,Res. Single Family,62
S,ML81892769,1352 Bent Drive,"$2,300,000 ",1,3,"1,619",2|0,"9,310 Lot SqFt",Campbell,Res. Single Family,66
S,ML81886288,1184 Adams Court,"$1,975,000 ",1,4,"2,090",2|1,"6,079 Lot SqFt",San Jose,Res. Single Family,52
S,ML81891889,2068 Donnici Street,"$1,500,000 ",1,4,"2,262",3|0,"2,607 Lot SqFt",San Jose,Res. Single Family,17
S,ML81888003,16195 Church Street,"$1,200,000 ",1,3,"2,240",1|0,"9,826 Lot SqFt",Morgan Hill,Res. Single Family,66
S,ML81889763,10431 Observatory Drive,"$1,175,000 ",1,3,"1,888",2|0,"12,917 Lot SqFt",San Jose,Res. Single Family,67
S,ML81886045,2017 Terilyn Avenue,"$1,175,000 ",1,5,"1,872",3|0,"5,844 Lot SqFt",San Jose,Res. Single Family,61
S,ML81894394,5327 Mango Blossom Court,"$1,100,000 ",1,3,"1,536",2|0,"9,120 Lot SqFt",San Jose,Res. Single Family,46
S,ML81887690,1562 Landell Court,"$3,700,000 ",2,3,"1,798",2|0,"14,042 Lot SqFt",Los Altos,Res. Single Family,66
S,ML81892386,2280 Williams Street,"$3,210,000 ",2,3,"1,729",2|0,"5,750 Lot SqFt",Palo Alto,Res. Single Family,96
S,ML81888179,1623 Husted Avenue,"$2,350,000 ",2,4,"1,791",3|0,"6,575 Lot SqFt",San Jose,Res. Single Family,61
S,ML81891994,1341 Duke Way,"$2,300,000 ",2,3,"2,316",2|1,"8,132 Lot SqFt",San Jose,Res. Single Family,59
S,ML81889743,116 Savannah Loop,"$2,200,000 ",2,4,"1,840",3|1,"1,262 Lot SqFt",Mountain View,Res. Single Family,8
S,ML81892973,2864 Riedel Road,"$1,709,000 ",2,3,"1,481",2|0,"7,140 Lot SqFt",San Jose,Res. Single Family,38
S,ML81891412,1532 Willowgate Drive,"$1,700,000 ",2,3,"1,137",2|0,"5,800 Lot SqFt",San Jose,Res. Single Family,65
S,ML81887093,3216 Tenley Drive,"$1,640,000 ",2,3,"1,544",2|1,"4,512 Lot SqFt",San Jose,Res. Single Family,39
S,ML81886499,523 Broderick Drive,"$1,540,000 ",2,4,"1,699",2|0,"6,894 Lot SqFt",San Jose,Res. Single Family,49
S,ME222049963,232 Washington Street,"$880,000 ",2,2,920,1|0,"2,326 Lot SqFt",San Jose,Res. Single Family,0
S,ML81893594,1460 Oakhurst Avenue,"$9,500,000 ",3,5,"5,995",5|1,"18,012 Lot SqFt",Los Altos,Res. Single Family,3
S,ML81883275,1330 Fairway Drive,"$6,200,000 ",3,4,"3,274",4|1,"13,481 Lot SqFt",Los Altos,Res. Single Family,65
S,ML81890534,2010 Sun Mor Avenue,"$5,000,000 ",3,4,"2,995",3|1,"11,825 Lot SqFt",Mountain View,Res. Single Family,5
S,ML81891561,7150 Wooded Lake Drive,"$4,400,000 ",3,5,"4,328",4|0,4.82 Acres,San Jose,Res. Single Family,45
S,ML81883194,1403 Glen Ellen Way,"$4,000,000 ",3,5,"4,686",3|2,"11,762 Lot SqFt",San Jose,Res. Single Family,56
S,ML81891298,811 Channing Avenue,"$3,750,000 ",3,3,"1,446",2|1,"5,192 Lot SqFt",Palo Alto,Res. Single Family,69
S,ML81890641,15930 Orange Blossom Lane,"$3,100,000 ",3,3,"1,284",2|0,"8,208 Lot SqFt",Los Gatos,Res. Single Family,67
S,ML81889869,7055 Glenview Drive,"$3,075,000 ",3,4,"2,875",3|1,"10,459 Lot SqFt",San Jose,Res. Single Family,23
S,ML81888162,1234 Naglee Avenue,"$2,400,000 ",3,3,"1,776",1|0,"12,368 Lot SqFt",San Jose,Res. Single Family,90
S,ML81887402,599 Albion Court,"$1,910,007 ",3,4,"1,881",2|1,"9,394 Lot SqFt",San Jose,Res. Single Family,54
S,ML81886716,2046 Redbush Terrace,"$1,820,000 ",3,2,"1,459",2|0,"5,997 Lot SqFt",San Jose,Res. Single Family,74
S,ML81888609,417 Fenley Avenue,"$1,750,000 ",3,3,960,1|0,"9,629 Lot SqFt",San Jose,Res. Single Family,72
S,ML81891700,21441 Aldercroft Heights,"$1,600,000 ",3,4,"2,016",2|1,1.00 Acres,Los Gatos,Res. Single Family,93
S,ML81891061,4720 Grimsby Drive,"$1,560,000 ",3,4,"1,354",2|0,"5,610 Lot SqFt",San Jose,Res. Single Family,59
S,BE40992537,602 Manzanita Ave ,"$1,550,000 ",3,3,"1,092",1|1,"5,800 Lot SqFt",Sunnyvale,Res. Single Family,69
S,ML81887450,3055 Lynview Drive,"$1,431,875 ",3,3,"1,320",2|0,"6,104 Lot SqFt",San Jose,Res. Single Family,55
S,ML81889101,690 Dawn Way,"$1,420,000 ",3,4,"2,300",3|0,"15,158 Lot SqFt",Gilroy,Res. Single Family,36
S,ML81893147,3552 Aberdeen St. ,"$1,200,000 ",3,4,"1,244",2|0,"5,500 Lot SqFt",Santa Clara,Res. Single Family,61
S,ML81890168,1295 Jasmine Way,"$1,036,000 ",3,3,"1,160",2|0,"6,084 Lot SqFt",Morgan Hill,Res. Single Family,48
S,ML81884523,22248 Hammond Way,"$5,750,000 ",4,4,"4,392",4|0,"30,733 Lot SqFt",Cupertino,Res. Single Family,22
S,ML81891760,14703 Eastview Drive,"$4,100,000 ",4,4,"2,895",3|0,"19,080 Lot SqFt",Los Gatos,Res. Single Family,59
S,ML81890199,3895 Corina Way,"$4,050,000 ",4,5,"2,765",3|0,"7,500 Lot SqFt",Palo Alto,Res. Single Family,67
S,ML81888921,1435 Dove Lane,"$3,055,000 ",4,3,"1,846",2|0,"6,853 Lot SqFt",Sunnyvale,Res. Single Family,62
S,ML81888144,1084 Rembrandt Drive,"$2,920,000 ",4,3,"1,560",2|0,"6,310 Lot SqFt",Sunnyvale,Res. Single Family,59
S,ML81888823,1139 Crespi Drive,"$2,590,000 ",4,4,"1,741",2|0,"7,172 Lot SqFt",Sunnyvale,Res. Single Family,56
S,ML81888369,139 Lester Lane,"$2,350,000 ",4,3,"1,666",2|0,"7,801 Lot SqFt",Los Gatos,Res. Single Family,64
S,ML81887950,647 Lamont Court,"$2,150,000 ",4,3,"1,796",2|1,"5,403 Lot SqFt",Campbell,Res. Single Family,46
S,ML81888418,3473 Chemin De Riviere ,"$1,930,000 ",4,4,"1,989",2|1,"4,025 Lot SqFt",San Jose,Res. Single Family,22
S,ML81889356,1081 S Daniel Way,"$1,925,000 ",4,3,"1,950",2|1,"6,900 Lot SqFt",San Jose,Res. Single Family,62
S,ME222050925,7465 Aberdeen Court,"$1,800,000 ",4,5,"3,693",4|1,"10,990 Lot SqFt",Gilroy,Res. Single Family,0
S,ML81886152,3234 Gatelight Court,"$1,774,000 ",4,3,"2,009",2|1,"6,214 Lot SqFt",San Jose,Res. Single Family,38
S,ML81886629,100 S 2nd Street,"$1,650,000 ",4,2,960,1|1,"4,699 Lot SqFt",Campbell,Res. Single Family,97
S,ML81888193,563 Jesse James Drive,"$1,535,000 ",4,3,"1,649",2|0,"6,233 Lot SqFt",San Jose,Res. Single Family,56
S,EB40987028,109 Casswell ,"$1,512,000 ",4,4,"1,474",2|0,"6,664 Lot SqFt",San Jose,Res. Single Family,44
S,ML81887317,475 Wildwood Way,"$1,500,000 ",4,3,"1,312",2|0,"8,152 Lot SqFt",Santa Clara,Res. Single Family,55
S,BA322045815,1315 Glen Eyrie Avenue,"$1,480,000 ",4,3,"1,139",1|1,"9,657 Lot SqFt",San Jose,Res. Single Family,0
S,ML81889308,440 Clogston Court,"$1,400,000 ",4,5,"1,763",3|0,"6,098 Lot SqFt",San Jose,Res. Single Family,44
S,ML81891819,2929 Quinto Way,"$1,300,000 ",4,4,"1,320",2|0,"5,225 Lot SqFt",San Jose,Res. Single Family,68
S,ML81891379,20850 Almaden Road,"$1,200,000 ",4,3,"1,875",2|0,"10,454 Lot SqFt",San Jose,Res. Single Family,72
S,ML81887717,945 Oak Park Drive,"$1,125,000 ",4,3,"1,771",2|1,"3,326 Lot SqFt",Morgan Hill,Res. Single Family,35
S,ML81887429,7545 Milias Court,"$1,105,000 ",4,4,"1,570",2|0,"7,707 Lot SqFt",Gilroy,Res. Single Family,44
S,ML81890426,4752 Corte De Cervato ,"$1,100,000 ",4,2,"1,056",2|0,"3,699 Lot SqFt",San Jose,Res. Single Family,47
S,ML81890560,21 Angra Way,"$1,065,000 ",4,3,"2,069",2|1,"2,917 Lot SqFt",Gilroy,Res. Single Family,7
S,ML81886823,1180 Fritzen Street,"$900,000 ",4,3,"1,391",2|0,"6,180 Lot SqFt",San Jose,Res. Single Family,61
S,ML81887261,18805 Bear Creek Road,"$5,200,000 ",5,6,"5,726",7|1,2.43 Acres,Los Gatos,Res. Single Family,0
S,ML81892704,5938 Country Club Parkway,"$4,700,000 ",5,4,"5,222",4|1,"16,692 Lot SqFt",San Jose,Res. Single Family,26
S,ML81889295,1611 Havenhurst Drive,"$4,588,000 ",5,5,"2,391",4|0,"10,185 Lot SqFt",Los Altos,Res. Single Family,67
S,ML81890521,3737 El Centro Street,"$4,250,000 ",5,4,"2,205",2|1,"10,125 Lot SqFt",Palo Alto,Res. Single Family,72
S,ML81886656,12517 Woodside Drive,"$4,100,000 ",5,4,"2,650",2|1,"10,602 Lot SqFt",Saratoga,Res. Single Family,65
S,ML81891913,1257 Miraflores Way,"$3,900,000 ",5,4,"1,829",3|0,"9,375 Lot SqFt",Los Altos,Res. Single Family,69
S,ML81891747,1548 Lincoln Avenue,"$3,400,000 ",5,4,"3,169",4|0,"6,098 Lot SqFt",San Jose,Res. Single Family,107
S,ML81890617,203 Thomas Drive,"$3,300,000 ",5,4,"2,020",2|0,"6,489 Lot SqFt",Los Gatos,Res. Single Family,58
S,ML81891559,2277 Shibley Avenue,"$3,200,000 ",5,4,"3,147",4|0,"7,965 Lot SqFt",San Jose,Res. Single Family,8
S,ML81891655,1125 Lynn Way,"$3,005,200 ",5,4,"1,921",2|0,"6,360 Lot SqFt",Sunnyvale,Res. Single Family,67
S,ML81889389,12580 Harding Avenue,"$2,824,000 ",5,4,"3,530",3|0,4.91 Acres,San Martin,Res. Single Family,0
S,ML81888882,1539 Iris Court,"$2,800,000 ",5,4,"2,351",3|1,"4,547 Lot SqFt",San Jose,Res. Single Family,6
S,ML81888037,120 Spring Street,"$2,800,000 ",5,3,"1,466",2|0,"10,147 Lot SqFt",Los Gatos,Res. Single Family,54
S,ML81889290,173 Belwood Gateway,"$2,650,000 ",5,4,"1,748",2|0,"10,500 Lot SqFt",Los Gatos,Res. Single Family,58
S,ML81888923,1040 Katrine Court,"$2,625,000 ",5,4,"1,421",2|0,"8,152 Lot SqFt",Sunnyvale,Res. Single Family,64
S,ML81886055,6633 Neptune Court,"$2,450,000 ",5,4,"1,986",2|1,"7,133 Lot SqFt",San Jose,Res. Single Family,43
S,SF422642877,1029 Miller Avenue,"$2,420,000 ",5,4,"1,273",2|0,"6,354 Lot SqFt",San Jose,Res. Single Family,0
S,ML81889275,1422 Cherry Garden Lane,"$2,400,000 ",5,3,"2,041",2|1,"7,920 Lot SqFt",San Jose,Res. Single Family,59
S,ML81888353,967 Sweet Avenue,"$2,400,000 ",5,3,"1,219",2|0,"6,283 Lot SqFt",San Jose,Res. Single Family,65
S,ML81889254,2135 Sufonet Drive,"$2,310,000 ",5,3,"1,395",2|0,"9,990 Lot SqFt",San Jose,Res. Single Family,63
S,ML81890251,5526 Sharon Lane,"$2,270,000 ",5,3,"1,740",2|0,"6,380 Lot SqFt",San Jose,Res. Single Family,63
S,ML81887292,807 Iris Avenue,"$2,250,000 ",5,3,"1,312",2|0,"6,561 Lot SqFt",Sunnyvale,Res. Single Family,64
S,ML81888235,1583 Willowdale Drive,"$2,210,000 ",5,4,"2,062",3|0,"5,927 Lot SqFt",San Jose,Res. Single Family,64
S,ML81886617,974 Rock Canyon Circle,"$2,202,202 ",5,4,"2,478",2|1,"9,686 Lot SqFt",San Jose,Res. Single Family,42
S,ML81888321,20624 Black Road,"$2,150,000 ",5,4,"2,246",2|0,10.18 Acres,Los Gatos,Res. Single Family,65
S,ML81890446,1465 Padres Drive,"$2,070,000 ",5,3,"1,531",2|1,"6,802 Lot SqFt",San Jose,Res. Single Family,70
S,ML81886334,3212 Brownhill Court,"$1,925,000 ",5,4,"1,604",2|0,"8,065 Lot SqFt",San Jose,Res. Single Family,38
S,ML81889198,15456 Charmeran Avenue,"$1,870,000 ",5,3,"1,136",1|0,"8,559 Lot SqFt",San Jose,Res. Single Family,73
S,ML81891413,3793 Justine Drive,"$1,810,000 ",5,3,"1,357",2|0,"7,020 Lot SqFt",San Jose,Res. Single Family,63
S,ML81888152,1161 Carrie Lee Way,"$1,760,000 ",5,3,"1,650",2|0,"8,157 Lot SqFt",San Jose,Res. Single Family,65
S,ML81889419,520 Encino Drive,"$1,750,000 ",5,5,"2,670",3|0,"13,206 Lot SqFt",Morgan Hill,Res. Single Family,45
S,ML81890048,6485 Sulu Court,"$1,700,001 ",5,4,"1,694",2|0,"7,274 Lot SqFt",San Jose,Res. Single Family,52
S,ML81890645,3904 Freed Avenue,"$1,681,000 ",5,4,"1,824",2|0,"6,819 Lot SqFt",San Jose,Res. Single Family,62
S,EB40987214,17301 Lakeview Dr ,"$1,650,000 ",5,3,"2,190",3|0,"22,156 Lot SqFt",Morgan Hill,Res. Single Family,46
S,ML81888377,1442 Sprucewood Drive,"$1,642,000 ",5,3,"1,370",2|0,"8,908 Lot SqFt",San Jose,Res. Single Family,62
S,ML81888275,985 Summerfield Drive,"$1,625,000 ",5,4,"2,000",2|1,"6,331 Lot SqFt",San Jose,Res. Single Family,44
S,ML81888227,991 Edenbury Lane,"$1,550,000 ",5,3,"1,486",2|0,"5,871 Lot SqFt",San Jose,Res. Single Family,54
S,ML81890067,20015 Uvas Road,"$1,525,000 ",5,3,"1,758",2|0,1.02 Acres,Morgan Hill,Res. Single Family,74
S,ML81890105,2501 Maywood Avenue,"$1,500,000 ",5,2,884,1|0,"9,875 Lot SqFt",San Jose,Res. Single Family,72
S,ML81888161,5297 Entrada Olmos ,"$1,457,000 ",5,3,"1,371",2|0,"6,300 Lot SqFt",San Jose,Res. Single Family,53
S,ML81888473,345 Ingram Court,"$1,425,000 ",5,4,"2,137",2|1,"10,467 Lot SqFt",San Jose,Res. Single Family,45
S,ML81889056,3588 Pleasant Echo Drive,"$1,421,000 ",5,3,"1,532",2|0,"8,303 Lot SqFt",San Jose,Res. Single Family,38
S,ML81892744,1703 Valpico Drive,"$1,400,000 ",5,4,"1,688",2|0,"6,510 Lot SqFt",San Jose,Res. Single Family,61
S,BE40990480,4341 Clearpark Pl ,"$1,400,000 ",5,3,"1,305",2|0,"6,000 Lot SqFt",San Jose,Res. Single Family,49
S,ML81888209,2971 Via Del Sol ,"$1,400,000 ",5,3,"1,404",2|0,"6,811 Lot SqFt",San Jose,Res. Single Family,53
S,ML81890149,645 Shawnee Lane,"$1,380,000 ",5,4,"1,345",2|0,"5,959 Lot SqFt",San Jose,Res. Single Family,56
S,ML81889352,5518 Deep Purple Way,"$1,350,000 ",5,3,"1,072",2|0,"6,530 Lot SqFt",San Jose,Res. Single Family,51
S,ML81889139,117 Pleasant Ridge Avenue,"$1,350,000 ",5,4,"1,980",2|0,"8,100 Lot SqFt",San Jose,Res. Single Family,74
S,ML81889431,6215 Ocho Rios Drive,"$1,325,000 ",5,4,"1,495",2|0,"6,000 Lot SqFt",San Jose,Res. Single Family,54
S,ML81889552,2345 Ashglen Way,"$1,290,000 ",5,4,"1,234",2|0,"7,821 Lot SqFt",San Jose,Res. Single Family,45
S,ML81888184,290 Bangor Avenue,"$1,276,110 ",5,3,"1,235",1|1,"5,895 Lot SqFt",San Jose,Res. Single Family,59
S,ML81889364,412 Calle Cerro ,"$1,200,000 ",5,3,"1,777",2|1,"4,356 Lot SqFt",Morgan Hill,Res. Single Family,24
S,ML81891366,382 Henderson Drive,"$1,120,000 ",5,2,930,1|0,"6,955 Lot SqFt",San Jose,Res. Single Family,54
S,ML81892771,410 Leigh Avenue,"$1,080,000 ",5,3,"1,159",1|0,"6,067 Lot SqFt",San Jose,Res. Single Family,97
S,ML81889315,15940 PIAZZA Way,"$1,050,000 ",5,3,"1,406",2|1,"4,436 Lot SqFt",Morgan Hill,Res. Single Family,24
S,ML81885671,1040 San Miguel Street,"$990,000 ",5,3,"1,540",2|0,"7,505 Lot SqFt",Gilroy,Res. Single Family,46
S,BE40989577,2023 Orlando Dr ,"$920,000 ",5,5,"1,548",3|0,"5,226 Lot SqFt",San Jose,Res. Single Family,62
S,ML81888157,1869 Terilyn Avenue,"$875,000 ",5,3,"1,040",2|0,"5,532 Lot SqFt",San Jose,Res. Single Family,63
S,ML81888389,7951 Carmel Street,"$800,000 ",5,3,"1,528",2|0,"7,982 Lot SqFt",Gilroy,Res. Single Family,82
S,ML81886121,13921 Story Road,"$715,000 ",5,2,984,1|0,"4,889 Lot SqFt",San Jose,Res. Single Family,69
S,ML81888787,364 Benvenue Avenue,"$6,510,000 ",6,4,"3,398",4|1,"13,504 Lot SqFt",Los Altos,Res. Single Family,17
S,ML81891763,15328 Via Palomino ,"$6,070,000 ",6,4,"4,857",4|2,"32,092 Lot SqFt",Monte Sereno,Res. Single Family,56
S,ML81888726,1221 Waverley Street,"$6,000,000 ",6,3,"3,645",2|1,"10,091 Lot SqFt",Palo Alto,Res. Single Family,29
S,ML81892893,18544 Beck Avenue,"$5,800,000 ",6,5,"3,771",4|0,1.09 Acres,Monte Sereno,Res. Single Family,122
S,ML81887972,1061 Via Del Pozo ,"$5,200,000 ",6,5,"3,036",2|1,"10,880 Lot SqFt",Los Altos,Res. Single Family,56
S,ML81890206,317 Shasta Drive,"$4,150,000 ",6,4,"2,505",3|0,"10,890 Lot SqFt",Palo Alto,Res. Single Family,68
S,ML81890220,7646 Berland Court,"$4,125,000 ",6,4,"2,530",3|0,"6,667 Lot SqFt",Cupertino,Res. Single Family,36
S,ML81892483,989 Lane Avenue,"$3,985,625 ",6,4,"2,258",3|0,"9,583 Lot SqFt",Mountain View,Res. Single Family,9
S,ML81888471,14705 Secretariat Way,"$3,750,000 ",6,5,"4,465",4|1,"40,612 Lot SqFt",Morgan Hill,Res. Single Family,17
S,ML81888725,18600 Graystone Lane,"$3,650,000 ",6,4,"3,104",2|1,"38,780 Lot SqFt",San Jose,Res. Single Family,41
S,ML81886940,3894 Corina Way,"$3,610,000 ",6,3,"1,583",2|0,"6,500 Lot SqFt",Palo Alto,Res. Single Family,67
S,ML81889938,1080 Harper Avenue,"$3,215,000 ",6,3,"1,741",2|0,"8,775 Lot SqFt",Sunnyvale,Res. Single Family,66
S,ML81882551,14918 Leigh Avenue,"$3,125,000 ",6,5,"3,558",3|0,"10,184 Lot SqFt",San Jose,Res. Single Family,33
S,ML81886313,1293 Hillcrest Drive,"$3,000,000 ",6,4,"2,862",2|1,"13,936 Lot SqFt",San Jose,Res. Single Family,55
S,ML81888891,973 Lantana Drive,"$2,761,000 ",6,4,"1,688",2|0,"6,514 Lot SqFt",Sunnyvale,Res. Single Family,59
S,ML81886487,1543 Oriole Avenue,"$2,757,990 ",6,3,"1,362",2|0,"6,340 Lot SqFt",Sunnyvale,Res. Single Family,60
S,ML81886772,750 Grape Avenue,"$2,610,000 ",6,3,"1,272",2|0,"6,038 Lot SqFt",Sunnyvale,Res. Single Family,66
S,ML81886884,1379 Ramon Drive,"$2,580,000 ",6,3,"1,300",1|0,"10,313 Lot SqFt",Sunnyvale,Res. Single Family,72
S,ML81891015,20653 Cheryl Drive,"$2,550,000 ",6,3,"1,416",2|0,"7,524 Lot SqFt",Cupertino,Res. Single Family,59
S,ML81887961,595 Mountain View Avenue,"$2,456,000 ",6,3,"1,196",2|0,"5,094 Lot SqFt",Mountain View,Res. Single Family,97
S,ML81888364,1766 Regina Way,"$2,400,000 ",6,3,"1,451",2|0,"10,573 Lot SqFt",Campbell,Res. Single Family,70
S,ML81878036,1065 Bennett Way,"$2,390,000 ",6,4,"2,586",2|2,"5,712 Lot SqFt",San Jose,Res. Single Family,85
S,ML81891071,2263 Woodard Road,"$2,380,000 ",6,4,"2,515",3|1,"5,891 Lot SqFt",San Jose,Res. Single Family,12
S,ML81887081,4744 Borina Drive,"$2,366,000 ",6,3,"1,322",2|0,"6,172 Lot SqFt",San Jose,Res. Single Family,63
S,ML81888140,1839 Redwood Creek,"$2,340,000 ",6,4,"2,393",4|0,"4,753 Lot SqFt",San Jose,Res. Single Family,9
S,BE40990413,1006 Live Oak Dr ,"$2,250,000 ",6,3,"1,481",2|0,"6,900 Lot SqFt",Santa Clara,Res. Single Family,59
S,ML81887662,1531 Montalban Drive,"$2,250,000 ",6,4,"2,013",2|1,"8,014 Lot SqFt",San Jose,Res. Single Family,54
S,ML81887596,1661 Sweetbriar Drive,"$2,235,000 ",6,4,"2,379",3|0,"7,341 Lot SqFt",San Jose,Res. Single Family,57
S,ML81889116,1510 Puerto Vallarta Drive,"$2,150,000 ",6,3,"1,866",2|1,"7,950 Lot SqFt",San Jose,Res. Single Family,57
S,ML81887771,3116 Hazelwood Avenue,"$2,150,000 ",6,3,"1,134",2|0,"6,322 Lot SqFt",Santa Clara,Res. Single Family,64
S,ML81888038,866 Stonehurst Way,"$2,120,000 ",6,3,"1,416",2|0,"9,368 Lot SqFt",Campbell,Res. Single Family,71
S,ML81890350,17585 Mountain Charlie Road,"$2,100,000 ",6,3,"2,302",2|0,"43,426 Lot SqFt",Los Gatos,Res. Single Family,50
S,ML81876337,2795 Cantor Drive,"$2,050,000 ",6,4,"2,820",3|0,"7,031 Lot SqFt",Morgan Hill,Res. Single Family,27
S,ML81887705,1248 Glacier Drive,"$2,025,000 ",6,4,"2,029",3|0,"5,700 Lot SqFt",Milpitas,Res. Single Family,52
S,ME222056542,4786 Calle De Lucia ,"$2,005,000 ",6,4,"1,780",2|0,"5,998 Lot SqFt",San Jose,Res. Single Family,0
S,ML81886764,3026 Vesuvius Lane,"$2,000,500 ",6,4,"1,393",2|0,"6,116 Lot SqFt",San Jose,Res. Single Family,50
S,ME222057533,3484 Kenyon Drive,"$2,000,000 ",6,3,"1,804",2|0,"7,501 Lot SqFt",Santa Clara,Res. Single Family,0
S,ML81889357,430 Hershner Drive,"$2,000,000 ",6,4,"1,622",2|0,"6,265 Lot SqFt",Los Gatos,Res. Single Family,57
S,ML81887892,4469 Cheeney Street,"$2,000,000 ",6,3,"2,017",2|0,"6,250 Lot SqFt",Santa Clara,Res. Single Family,8
S,ML81892593,1550 Grace Avenue,"$1,999,999 ",6,3,"1,443",2|0,"8,375 Lot SqFt",San Jose,Res. Single Family,67
S,ML81887399,6149 Del Canto Drive,"$1,985,000 ",6,5,"2,563",3|0,"8,674 Lot SqFt",San Jose,Res. Single Family,50
S,ML81887464,481 ROSEWOOD Avenue,"$1,950,000 ",6,3,"1,786",2|1,"8,024 Lot SqFt",San Jose,Res. Single Family,75
S,ML81886864,566 Maple Avenue,"$1,920,000 ",6,3,"1,288",2|0,"5,356 Lot SqFt",Sunnyvale,Res. Single Family,72
S,ML81886188,2365 Stonecress Street,"$1,900,000 ",6,4,"3,175",3|1,"20,361 Lot SqFt",Gilroy,Res. Single Family,18
S,ML81887075,2053 Kimberlin Place,"$1,870,000 ",6,3,"1,935",3|0,"2,748 Lot SqFt",Santa Clara,Res. Single Family,29
S,ML81886042,6587 Korhummel Way,"$1,850,000 ",6,3,"2,819",3|1,"5,981 Lot SqFt",San Jose,Res. Single Family,52
S,ML81885541,5770 CHANDLER Court,"$1,820,000 ",6,5,"2,193",3|0,"7,143 Lot SqFt",San Jose,Res. Single Family,58
S,ML81886961,16935 Pine Way,"$1,760,000 ",6,4,"2,091",3|0,"7,234 Lot SqFt",Morgan Hill,Res. Single Family,28
S,ML81888165,3188 Woodcrest Drive,"$1,725,000 ",6,3,"1,460",2|0,"5,981 Lot SqFt",San Jose,Res. Single Family,62
S,ML81881535,618 Azule Avenue,"$1,700,000 ",6,3,"1,600",2|0,"6,660 Lot SqFt",San Jose,Res. Single Family,56
S,ML81888642,774 Pershing Avenue,"$1,685,000 ",6,2,"1,197",2|0,"5,087 Lot SqFt",San Jose,Res. Single Family,100
S,ML81887324,7162 Windcliff Lane,"$1,660,000 ",6,4,"2,179",2|1,"3,049 Lot SqFt",San Jose,Res. Single Family,16
S,ML81886427,477 Ivanhoe Court,"$1,650,000 ",6,3,"1,723",2|0,"6,994 Lot SqFt",San Jose,Res. Single Family,52
S,ML81889020,1654 Scott Boulevard,"$1,630,000 ",6,3,"1,021",2|0,"7,475 Lot SqFt",Santa Clara,Res. Single Family,71
S,ML81887762,2412 Stokes Street,"$1,630,000 ",6,3,"1,178",2|0,"6,036 Lot SqFt",San Jose,Res. Single Family,66
S,ML81890242,405 Wilson Avenue,"$1,610,000 ",6,2,"1,353",2|0,"5,720 Lot SqFt",Sunnyvale,Res. Single Family,72
S,ML81891038,4029 Briarglen Drive,"$1,565,000 ",6,3,"1,475",2|0,"6,000 Lot SqFt",San Jose,Res. Single Family,56
S,ML81888822,6024 Pineland Avenue,"$1,560,000 ",6,4,"1,495",2|0,"6,077 Lot SqFt",San Jose,Res. Single Family,51
S,ML81889319,871 College Drive,"$1,550,000 ",6,3,"1,044",1|1,"6,213 Lot SqFt",San Jose,Res. Single Family,67
S,ML81886979,1950 Larsen Place,"$1,550,000 ",6,4,"1,361",2|0,"6,271 Lot SqFt",Santa Clara,Res. Single Family,62
S,ML81884823,294 Beechnut Avenue,"$1,550,000 ",6,3,"1,022",1|0,"7,644 Lot SqFt",Sunnyvale,Res. Single Family,71
S,ML81884916,397 Henderson Drive,"$1,530,000 ",6,3,"1,255",2|0,"5,922 Lot SqFt",San Jose,Res. Single Family,54
S,ML81891104,5675 Ladner Drive,"$1,500,000 ",6,3,"1,195",2|0,"9,800 Lot SqFt",San Jose,Res. Single Family,57
S,ML81890813,5839 Chesbro Avenue,"$1,465,000 ",6,3,"1,347",2|0,"6,200 Lot SqFt",San Jose,Res. Single Family,57
S,ML81890421,837 Apple Valley Drive,"$1,420,000 ",6,3,"1,270",2|0,"6,399 Lot SqFt",San Jose,Res. Single Family,62
S,ML81890024,423 Birkhaven Place,"$1,388,000 ",6,3,"1,457",2|1,"2,700 Lot SqFt",San Jose,Res. Single Family,25
S,ME222059529,1765 Ravizza Avenue,"$1,350,000 ",6,3,"1,038",1|0,"4,948 Lot SqFt",Santa Clara,Res. Single Family,0
S,ML81888052,545 N 2nd Street,"$1,350,000 ",6,2,"1,068",1|0,"6,160 Lot SqFt",San Jose,Res. Single Family,100
S,ML81893350,1456 Shaffer Drive,"$1,337,000 ",6,4,"1,614",2|0,"6,500 Lot SqFt",San Jose,Res. Single Family,58
S,ML81886155,546 Cypress Avenue,"$1,335,000 ",6,3,"1,400",2|0,"8,175 Lot SqFt",San Jose,Res. Single Family,63
S,ML81887810,726 Gage Court,"$1,300,000 ",6,4,"2,635",3|0,"6,210 Lot SqFt",Gilroy,Res. Single Family,14
S,ML81889008,9291 Mockingbird Lane,"$1,268,000 ",6,4,"1,891",3|0,"5,609 Lot SqFt",Gilroy,Res. Single Family,28
S,ML81887475,1281 Longmeadow Drive,"$1,260,000 ",6,3,"1,909",2|1,"6,342 Lot SqFt",Gilroy,Res. Single Family,34
S,ML81887291,975 Geronimo Street,"$1,260,000 ",6,4,"2,402",3|0,"6,739 Lot SqFt",Gilroy,Res. Single Family,11
S,ML81889469,1638 Briarpoint Drive,"$1,258,000 ",6,4,"1,812",2|1,"2,700 Lot SqFt",San Jose,Res. Single Family,35
S,ML81885971,1271 Bonino Way,"$1,250,000 ",6,4,"2,489",3|0,"4,355 Lot SqFt",Gilroy,Res. Single Family,5
S,BE40990438,17025 Pine Way ,"$1,238,000 ",6,4,"1,296",2|0,"7,260 Lot SqFt",Morgan Hill,Res. Single Family,46
S,ML81888285,5366 Hansell Drive,"$1,225,000 ",6,3,"1,207",2|0,"4,749 Lot SqFt",San Jose,Res. Single Family,44
S,ML81888088,2754 Dina Lane,"$1,215,000 ",6,3,"1,107",2|0,"6,928 Lot SqFt",San Jose,Res. Single Family,43
S,ML81885777,1400 Partridge Drive,"$1,210,000 ",6,3,"2,159",3|0,"7,054 Lot SqFt",Gilroy,Res. Single Family,27
S,ML81887181,1558 Dina Court,"$1,205,000 ",6,3,"1,107",2|0,"6,088 Lot SqFt",San Jose,Res. Single Family,43
S,BE40990757,1554 Sawgrass Dr San Jose ,"$1,160,000 ",6,4,"1,786",2|1,"2,812 Lot SqFt",San Jose,Res. Single Family,24
S,ML81883120,954 Reeve Street,"$1,100,000 ",6,3,972,1|0,"6,149 Lot SqFt",Santa Clara,Res. Single Family,102
S,ML81888821,559 Ezie Street,"$1,050,000 ",6,3,"1,113",1|1,"5,115 Lot SqFt",San Jose,Res. Single Family,64
S,ML81882461,1330 Cedar Court,"$1,008,000 ",6,3,"1,711",2|1,"7,208 Lot SqFt",Gilroy,Res. Single Family,57
S,ML81886846,6 Caspian Way,"$970,000 ",6,3,"2,028",2|1,"4,764 Lot SqFt",Gilroy,Res. Single Family,7
S,ML81886161,275 N 26th Street,"$935,000 ",6,2,"1,149",1|0,"5,050 Lot SqFt",San Jose,Res. Single Family,73
S,ML81890303,3291 Mount Vista Drive,"$895,000 ",6,2,825,1|0,"5,000 Lot SqFt",San Jose,Res. Single Family,63
S,ML81885657,676 Hollingsworth Drive,"$6,501,000 ",7,5,"3,733",4|0,"13,330 Lot SqFt",Los Altos,Res. Single Family,11
S,ML81886495,15256 Via Del Sur ,"$5,525,000 ",7,5,"5,563",5|1,"33,757 Lot SqFt",Monte Sereno,Res. Single Family,37
S,ML81884935,15770 Shannon Heights Road,"$5,500,000 ",7,5,"4,096",4|0,1.17 Acres,Los Gatos,Res. Single Family,29
S,ML81893329,1460 Holly Avenue,"$5,300,000 ",7,5,"3,499",5|1,"20,000 Lot SqFt",Los Altos,Res. Single Family,69
S,ML81890182,4341 Miranda Court,"$5,175,000 ",7,5,"3,801",4|1,"13,428 Lot SqFt",Palo Alto,Res. Single Family,11
S,ML81885911,1087 Los Altos Avenue,"$4,875,000 ",7,5,"2,483",2|1,"14,585 Lot SqFt",Los Altos,Res. Single Family,56
S,ML81881881,12596 Paseo Flores ,"$4,870,000 ",7,5,"3,417",4|0,"11,846 Lot SqFt",Saratoga,Res. Single Family,0
S,ML81889087,1920 Bryant Street,"$4,610,000 ",7,3,"1,885",2|0,"5,000 Lot SqFt",Palo Alto,Res. Single Family,84
S,ML81889953,1620 Crestview Drive,"$4,450,000 ",7,2,"1,528",2|0,"15,200 Lot SqFt",Los Altos,Res. Single Family,75
S,ML81887722,107 Sunkist Lane,"$4,425,000 ",7,3,"1,810",2|1,"10,500 Lot SqFt",Los Altos,Res. Single Family,64
S,ML81887528,719 Bicknell Road,"$4,270,000 ",7,4,"2,957",4|0,"34,840 Lot SqFt",Los Gatos,Res. Single Family,56
S,ML81886770,2205 Sierra Ventura Drive,"$4,111,000 ",7,4,"2,304",2|1,"12,133 Lot SqFt",Los Altos,Res. Single Family,59
S,ML81887826,19125 Oahu Lane,"$4,100,000 ",7,4,"2,619",2|1,"14,466 Lot SqFt",Saratoga,Res. Single Family,58
S,ML81886141,2361 Tasso Street,"$4,100,000 ",7,4,"2,063",3|0,"5,069 Lot SqFt",Palo Alto,Res. Single Family,90
S,ML81888476,1304 Dale Avenue,"$3,900,000 ",7,4,"3,145",4|0,"8,123 Lot SqFt",San Jose,Res. Single Family,2
S,ML81885016,1694 Jamestown Drive,"$3,850,000 ",7,4,"2,538",3|0,"8,314 Lot SqFt",Cupertino,Res. Single Family,33
S,ML81888887,6477 Dartmoor Way,"$3,800,000 ",7,5,"3,133",3|0,"6,832 Lot SqFt",San Jose,Res. Single Family,62
S,ML81889961,540 Sunnymount Avenue,"$3,700,000 ",7,4,"3,092",3|0,"8,850 Lot SqFt",Sunnyvale,Res. Single Family,73
S,ML81884566,927 Aura Way,"$3,683,000 ",7,3,"1,412",2|1,"13,181 Lot SqFt",Los Altos,Res. Single Family,83
S,ML81888512,807 Miller Avenue,"$3,600,360 ",7,5,"3,362",3|0,"9,649 Lot SqFt",Campbell,Res. Single Family,26
S,ML81888999,979 Altos Oaks Drive,"$3,500,000 ",7,3,"1,676",2|0,"10,667 Lot SqFt",Los Altos,Res. Single Family,66
S,ML81888330,21426 Rumford Drive,"$3,500,000 ",7,4,"2,146",2|1,"7,503 Lot SqFt",Cupertino,Res. Single Family,54
S,ML81887676,14769 Berry Way,"$3,480,000 ",7,4,"3,188",4|0,"12,527 Lot SqFt",San Jose,Res. Single Family,72
S,ML81886488,717 Inverness Way,"$3,410,000 ",7,5,"2,566",3|0,"6,240 Lot SqFt",Sunnyvale,Res. Single Family,29
S,ML81888831,24985 Oneonta Drive,"$3,380,000 ",7,3,"1,601",1|1,"32,216 Lot SqFt",Los Altos Hills,Res. Single Family,70
S,ML81891365,1438 Camino Robles Way,"$3,310,000 ",7,5,"2,427",4|0,"8,100 Lot SqFt",San Jose,Res. Single Family,51
S,ML81888183,3008 Oliver Drive,"$3,250,000 ",7,5,"3,479",4|0,"8,141 Lot SqFt",San Jose,Res. Single Family,20
S,ML81890372,1601 Kalispell Court,"$3,200,000 ",7,3,"1,544",2|0,"7,992 Lot SqFt",Sunnyvale,Res. Single Family,61
S,ML81886508,18680 Purissima Way,"$3,200,000 ",7,5,"5,106",4|1,"25,195 Lot SqFt",Morgan Hill,Res. Single Family,16
S,ML81890245,14695 Horseshoe Drive,"$3,100,000 ",7,3,"2,006",2|1,"22,927 Lot SqFt",Saratoga,Res. Single Family,67
S,ML81887535,10640 Johansen Drive,"$3,100,000 ",7,4,"2,201",2|1,"6,344 Lot SqFt",Cupertino,Res. Single Family,69
S,ML81888046,6059 Whitehaven Court,"$3,080,000 ",7,4,"2,695",3|0,"10,395 Lot SqFt",San Jose,Res. Single Family,24
S,ML81886356,10420 Oakville Avenue,"$3,050,000 ",7,3,"1,392",2|0,"6,332 Lot SqFt",Cupertino,Res. Single Family,63
S,ML81884540,685 Oregon Avenue,"$3,000,000 ",7,3,"1,874",2|0,"4,969 Lot SqFt",Palo Alto,Res. Single Family,72
S,ML81889841,928 Kennard Way,"$2,920,000 ",7,4,"1,894",2|1,"6,466 Lot SqFt",Sunnyvale,Res. Single Family,61
S,ML81888859,736 Inverness Way,"$2,901,800 ",7,3,"1,752",2|0,"6,272 Lot SqFt",Sunnyvale,Res. Single Family,63
S,ML81888536,475 Rincon Avenue,"$2,700,000 ",7,3,"1,857",2|1,"5,875 Lot SqFt",Sunnyvale,Res. Single Family,65
S,ML81885440,4096 Beebe Circle,"$2,660,000 ",7,4,"2,227",2|1,"9,549 Lot SqFt",San Jose,Res. Single Family,48
S,ML81886750,969 Erica Drive,"$2,658,000 ",7,3,"1,811",2|0,"7,652 Lot SqFt",Sunnyvale,Res. Single Family,52
S,ML81892256,1086 Syracuse Drive,"$2,650,000 ",7,3,"1,694",2|0,"7,000 Lot SqFt",Sunnyvale,Res. Single Family,66
S,ML81886735,910 Exmoor Way,"$2,600,000 ",7,3,"1,536",2|0,"6,825 Lot SqFt",Sunnyvale,Res. Single Family,60
S,ML81885979,655 Ashbourne Drive,"$2,600,000 ",7,3,"1,407",2|0,"7,251 Lot SqFt",Sunnyvale,Res. Single Family,59
S,ML81882256,1569 Alisal Avenue,"$2,550,000 ",7,5,"2,232",3|0,"6,595 Lot SqFt",San Jose,Res. Single Family,59
S,ML81888889,662 Starr Court,"$2,520,000 ",7,3,"1,643",3|0,"6,902 Lot SqFt",Santa Clara,Res. Single Family,67
S,ML81887782,1749 Hudson Drive,"$2,512,000 ",7,4,"1,622",2|0,"6,996 Lot SqFt",San Jose,Res. Single Family,60
S,ML81884521,4121 Ashbrook Circle,"$2,505,000 ",7,4,"2,161",2|1,"6,006 Lot SqFt",San Jose,Res. Single Family,46
S,ML81888862,4103 Middlefield Road,"$2,500,000 ",7,3,"1,097",1|0,"7,384 Lot SqFt",Palo Alto,Res. Single Family,71
S,ML81888784,1052 Waterbird Way,"$2,460,000 ",7,3,"1,388",2|0,"7,313 Lot SqFt",Santa Clara,Res. Single Family,61
S,ML81889150,882 Poplar Avenue,"$2,450,000 ",7,3,"1,541",2|0,"6,161 Lot SqFt",Sunnyvale,Res. Single Family,58
S,ML81887028,1563 Montellano Drive,"$2,425,000 ",7,4,"2,168",2|1,"8,297 Lot SqFt",San Jose,Res. Single Family,54
S,ML81888868,986 Azalea Drive,"$2,420,000 ",7,3,"1,407",2|0,"6,441 Lot SqFt",Sunnyvale,Res. Single Family,52
S,ML81891056,837 Runningwood Circle,"$2,408,000 ",7,3,"1,801",2|0,"5,890 Lot SqFt",Mountain View,Res. Single Family,45
S,ML81888713,1074 Glen Echo Avenue,"$2,400,000 ",7,3,"1,558",1|1,"7,702 Lot SqFt",San Jose,Res. Single Family,71
S,ML81889022,1528 Grace Avenue,"$2,360,000 ",7,3,"1,706",2|0,"8,368 Lot SqFt",San Jose,Res. Single Family,67
S,ML81889263,1588 Edmond Court,"$2,348,000 ",7,4,"2,158",2|1,"9,446 Lot SqFt",San Jose,Res. Single Family,51
S,ML81888812,1004 E Cardinal Drive,"$2,330,000 ",7,3,"1,227",1|1,"6,000 Lot SqFt",Sunnyvale,Res. Single Family,68
S,ML81886665,3957 W Rincon Avenue,"$2,300,000 ",7,3,"1,558",2|0,"7,079 Lot SqFt",Campbell,Res. Single Family,58
S,ML81890969,1604 Glenfield Drive,"$2,280,000 ",7,4,"1,783",2|0,"9,775 Lot SqFt",San Jose,Res. Single Family,61
S,ME222051205,2704 Clarion Court,"$2,275,000 ",7,4,"2,699",3|0,"12,258 Lot SqFt",San Jose,Res. Single Family,0
S,ML81891282,351 Spar Avenue,"$2,250,000 ",7,4,"2,036",3|1,"9,375 Lot SqFt",San Jose,Res. Single Family,68
S,ML81888756,1643 Shasta Avenue,"$2,225,000 ",7,3,"2,246",2|0,"7,785 Lot SqFt",San Jose,Res. Single Family,86
S,ML81887641,907 Blossom Hill Road,"$2,225,000 ",7,3,"1,532",2|0,"8,925 Lot SqFt",Los Gatos,Res. Single Family,62
S,ML81885818,5008 Doyle Road,"$2,200,000 ",7,3,"1,798",2|0,"9,141 Lot SqFt",San Jose,Res. Single Family,63
S,ML81888697,1367 York Avenue,"$2,160,000 ",7,3,"1,841",2|0,"6,217 Lot SqFt",Campbell,Res. Single Family,102
S,ML81888194,2951 Humbolt Avenue,"$2,130,000 ",7,3,"1,487",2|0,"9,685 Lot SqFt",Santa Clara,Res. Single Family,71
S,ML81886957,3472 Bonita Avenue,"$2,120,000 ",7,3,"1,240",2|0,"5,817 Lot SqFt",Santa Clara,Res. Single Family,66
S,ML81888438,4896 Rio Vista Avenue,"$2,100,000 ",7,3,"1,188",2|0,"5,543 Lot SqFt",San Jose,Res. Single Family,66
S,ML81886054,2421 Lascar Place,"$2,100,000 ",7,3,"2,064",2|1,"5,257 Lot SqFt",San Jose,Res. Single Family,43
S,ML81884115,666 Brentwood Drive,"$2,070,000 ",7,3,"1,226",2|0,"6,154 Lot SqFt",San Jose,Res. Single Family,67
S,ML81886319,3094 Balmoral Drive,"$2,068,000 ",7,5,"1,974",3|0,"7,828 Lot SqFt",San Jose,Res. Single Family,49
S,ML81886749,1742 Hudson Drive,"$2,060,000 ",7,3,"1,330",2|0,"6,076 Lot SqFt",San Jose,Res. Single Family,60
S,ML81888699,14305 Branham Lane,"$2,051,000 ",7,4,"1,544",2|1,"9,813 Lot SqFt",San Jose,Res. Single Family,70
S,ML81889195,945 Torero Plaza,"$2,000,000 ",7,3,"1,484",2|0,"6,461 Lot SqFt",Campbell,Res. Single Family,59
S,BE40990122,864 Kizer St ,"$2,000,000 ",7,4,"2,307",3|0,"6,300 Lot SqFt",Milpitas,Res. Single Family,51
S,ML81888686,6693 Mount Forest Drive,"$1,999,990 ",7,4,"1,999",2|0,"8,070 Lot SqFt",San Jose,Res. Single Family,55
S,ML81888107,9002 Mimosa Court,"$1,975,000 ",7,4,"2,800",3|0,"29,454 Lot SqFt",Gilroy,Res. Single Family,6
S,ML81889244,4337 Watson Circle,"$1,960,000 ",7,3,"1,657",3|1,"2,320 Lot SqFt",Santa Clara,Res. Single Family,18
S,ML81888897,208 Orchard Glen Court,"$1,951,000 ",7,2,"1,258",2|1,"2,893 Lot SqFt",Mountain View,Res. Single Family,26
S,ML81888652,3200 Valley View Court,"$1,950,000 ",7,4,"3,126",3|1,"16,050 Lot SqFt",Morgan Hill,Res. Single Family,48
S,ML81887118,3724 Springbrook Avenue,"$1,950,000 ",7,4,"1,897",2|0,"8,049 Lot SqFt",San Jose,Res. Single Family,39
S,ML81886756,609 Pine Avenue,"$1,935,000 ",7,3,"1,565",2|0,"5,253 Lot SqFt",Sunnyvale,Res. Single Family,69
S,ML81887611,2885 Quinto Way,"$1,920,000 ",7,3,"1,320",2|0,"5,225 Lot SqFt",San Jose,Res. Single Family,68
S,ML81890904,3364 Thompson Avenue,"$1,903,364 ",7,3,"1,718",2|1,"6,420 Lot SqFt",San Jose,Res. Single Family,62
S,ML81888734,862 Brevins Loop,"$1,880,000 ",7,4,"2,429",2|1,"3,630 Lot SqFt",San Jose,Res. Single Family,23
S,ML81888804,15119 Dickens Avenue,"$1,875,000 ",7,3,"1,053",1|0,"9,375 Lot SqFt",San Jose,Res. Single Family,70
S,ML81885516,3701 Arbuckle Drive,"$1,875,000 ",7,3,"1,485",2|0,"6,457 Lot SqFt",San Jose,Res. Single Family,64
S,ML81888883,721 Enright Avenue,"$1,800,000 ",7,4,"2,344",2|0,"7,446 Lot SqFt",Santa Clara,Res. Single Family,72
S,ML81886921,3918 Paladin Drive,"$1,800,000 ",7,3,"1,356",2|0,"8,481 Lot SqFt",San Jose,Res. Single Family,63
S,ML81887486,1405 Snowbird Lane,"$1,799,000 ",7,4,"2,424",3|0,"5,946 Lot SqFt",Morgan Hill,Res. Single Family,5
S,ML81887875,3989 Vistamont Drive,"$1,750,000 ",7,4,"1,700",2|0,"6,609 Lot SqFt",San Jose,Res. Single Family,55
S,ML81887849,340 Schroeder Street,"$1,720,000 ",7,3,"1,539",1|0,"6,554 Lot SqFt",Sunnyvale,Res. Single Family,74
S,ML81887777,1798 Fremont Street,"$1,680,000 ",7,3,"1,262",2|0,"6,573 Lot SqFt",Santa Clara,Res. Single Family,112
S,ML81886819,4940 Carter Avenue,"$1,610,000 ",7,3,"1,504",2|0,"6,073 Lot SqFt",San Jose,Res. Single Family,56
S,ML81887763,5695 Lathrop Drive,"$1,600,000 ",7,4,"1,958",2|0,"6,225 Lot SqFt",San Jose,Res. Single Family,54
S,ML81888658,4943 Scarlett Way,"$1,580,000 ",7,3,"2,087",2|1,"5,803 Lot SqFt",San Jose,Res. Single Family,42
S,ML81890198,5878 Garces Avenue,"$1,565,000 ",7,4,"1,321",2|0,"7,200 Lot SqFt",San Jose,Res. Single Family,51
S,ML81879219,2159 Avenida De Las Flores ,"$1,550,000 ",7,3,"1,341",2|0,"8,782 Lot SqFt",Santa Clara,Res. Single Family,46
S,ML81891121,19411 Dougherty Avenue,"$1,525,000 ",7,4,"2,423",2|1,"4,530 Lot SqFt",Morgan Hill,Res. Single Family,12
S,ML81888942,4111 Haines Avenue,"$1,525,000 ",7,3,"1,685",2|0,"6,524 Lot SqFt",San Jose,Res. Single Family,54
S,ML81886802,1715 Civic Center Drive,"$1,520,000 ",7,3,"1,731",2|1,"1,885 Lot SqFt",Santa Clara,Res. Single Family,43
S,ML81889078,7358 Prindiville Drive,"$1,500,000 ",7,3,"1,674",2|1,"4,815 Lot SqFt",San Jose,Res. Single Family,30
S,ML81888204,21425 Shady Lane,"$1,500,000 ",7,3,"1,423",1|0,1.40 Acres,Los Gatos,Res. Single Family,86
S,ML81886249,1027 Junesong Way,"$1,500,000 ",7,4,"1,822",2|0,"6,501 Lot SqFt",San Jose,Res. Single Family,45
S,ML81888838,713 Dorothy Avenue,"$1,490,000 ",7,3,"1,228",2|0,"5,096 Lot SqFt",San Jose,Res. Single Family,29
S,ML81889958,1784 Market Street,"$1,476,000 ",7,3,"1,207",2|0,"5,087 Lot SqFt",Santa Clara,Res. Single Family,112
S,ML81888841,1248 Willowhaven Drive,"$1,455,000 ",7,2,"1,142",2|0,"3,621 Lot SqFt",San Jose,Res. Single Family,44
S,ML81886790,2180 El Capitan Avenue,"$1,430,000 ",7,3,984,2|0,"6,527 Lot SqFt",Santa Clara,Res. Single Family,61
S,ML81888853,5150 Calicowood Place,"$1,380,000 ",7,3,"1,091",2|0,"7,964 Lot SqFt",San Jose,Res. Single Family,44
S,ML81888820,5761 Barnswell Way,"$1,360,000 ",7,3,"1,488",2|0,"5,824 Lot SqFt",San Jose,Res. Single Family,44
S,ML81890236,98 N 17th Street,"$1,350,000 ",7,3,"1,480",1|0,"5,400 Lot SqFt",San Jose,Res. Single Family,122
S,ML81889885,3280 Flintdale Drive,"$1,350,000 ",7,4,"1,693",2|1,"6,000 Lot SqFt",San Jose,Res. Single Family,41
S,ML81888016,622 Printy Avenue,"$1,345,000 ",7,4,"1,858",2|0,"7,243 Lot SqFt",Milpitas,Res. Single Family,51
S,CC40985599,1206 Taper Lane ,"$1,280,000 ",7,4,"1,350",2|0,6300 Lot SqFt,San Jose,Res. Single Family,44
S,ML81887275,359 Bella Ridge Terrace,"$1,270,000 ",7,3,"1,620",3|0,"1,396 Lot SqFt",San Jose,Res. Single Family,18
S,ML81885917,16505 Finley Ridge Road,"$1,230,000 ",7,3,800,1|1,20.52 Acres,Morgan Hill,Res. Single Family,30
S,ML81888881,581 Continental Drive,"$1,100,000 ",7,4,"1,260",2|0,"5,169 Lot SqFt",San Jose,Res. Single Family,64
S,ML81886708,7250 Miller Avenue,"$1,020,000 ",7,4,"2,059",2|1,"7,709 Lot SqFt",Gilroy,Res. Single Family,47
S,ML81893422,3691 Larry Court,"$1,000,000 ",7,3,"1,277",2|0,"6,936 Lot SqFt",San Jose,Res. Single Family,52
S,ML81887723,1781 Crucero Drive,"$970,000 ",7,3,"1,214",2|1,"3,299 Lot SqFt",San Jose,Res. Single Family,51
S,ML81877137,70 Chester Avenue,"$725,000 ",7,3,"1,034",2|0,"7,267 Lot SqFt",San Martin,Res. Single Family,88
S,ML81889030,798 Arroyo Road,"$8,400,000 ",8,5,"5,134",6|0,"17,402 Lot SqFt",Los Altos,Res. Single Family,19
S,ML81888880,1509 Edgewood Drive,"$6,508,000 ",8,4,"3,080",3|0,"18,117 Lot SqFt",Palo Alto,Res. Single Family,69
S,ML81890844,1689 Middleton Avenue,"$5,600,000 ",8,6,"4,254",4|1,"10,573 Lot SqFt",Los Altos,Res. Single Family,20
S,ML81887609,10599 N Stelling Road,"$4,620,000 ",8,5,"3,731",3|1,"9,625 Lot SqFt",Cupertino,Res. Single Family,21
S,ML81890918,20743 Seaton Avenue,"$4,531,000 ",8,5,"2,819",3|0,"13,081 Lot SqFt",Saratoga,Res. Single Family,53
S,ML81890433,457 Benvenue Avenue,"$4,350,000 ",8,4,"2,550",2|1,"9,748 Lot SqFt",Los Altos,Res. Single Family,64
S,ML81890128,925 Echo Drive,"$4,195,000 ",8,2,"1,031",2|0,"13,012 Lot SqFt",Los Altos,Res. Single Family,74
S,ML81885921,13630 Beaumont Avenue,"$3,989,700 ",8,4,"2,951",3|0,"12,480 Lot SqFt",Saratoga,Res. Single Family,67
S,ML81886639,11245 Mount Crest Place,"$3,900,000 ",8,4,"2,768",3|0,"15,758 Lot SqFt",Cupertino,Res. Single Family,54
S,ML81892194,494 Panchita Way,"$3,890,000 ",8,4,"1,839",2|0,"10,200 Lot SqFt",Los Altos,Res. Single Family,71
S,ML81887764,1486 Valcartier Drive,"$3,800,000 ",8,3,"2,074",2|0,"8,560 Lot SqFt",Sunnyvale,Res. Single Family,53
S,ML81887456,971 Cherrystone Drive,"$3,700,500 ",8,4,"2,018",2|1,"8,003 Lot SqFt",Los Gatos,Res. Single Family,51
S,ML81890185,90 Los Altos Avenue,"$3,650,000 ",8,4,"2,009",2|1,"10,003 Lot SqFt",Los Altos,Res. Single Family,60
S,ML81885127,7072 Hollow Lake Way,"$3,620,000 ",8,4,"3,473",3|1,"24,253 Lot SqFt",San Jose,Res. Single Family,23
S,ML81887854,1521 Meadow Lane,"$3,550,000 ",8,3,"1,335",2|0,"8,560 Lot SqFt",Mountain View,Res. Single Family,68
S,ML81892660,411 Pepper Avenue,"$3,370,000 ",8,5,"1,963",3|0,"5,983 Lot SqFt",Palo Alto,Res. Single Family,82
S,ML81889974,841 Revere Drive,"$2,950,000 ",8,3,"1,472",2|0,"7,488 Lot SqFt",Sunnyvale,Res. Single Family,65
S,ML81887700,751 Leona Lane,"$2,725,000 ",8,4,"1,484",2|0,"6,266 Lot SqFt",Mountain View,Res. Single Family,67
S,ML81887521,1451 Corte De Rosa ,"$2,638,000 ",8,4,"1,900",2|1,"22,722 Lot SqFt",San Jose,Res. Single Family,46
S,ML81886776,4668 Lage Drive,"$2,620,000 ",8,3,"1,974",2|0,"6,008 Lot SqFt",San Jose,Res. Single Family,61
S,ML81888872,2240 Menzel Place,"$2,600,000 ",8,3,"1,766",2|1,"5,539 Lot SqFt",Santa Clara,Res. Single Family,68
S,ML81888674,1399 Beattie Court,"$2,585,000 ",8,5,"2,228",3|0,"9,831 Lot SqFt",San Jose,Res. Single Family,47
S,ML81888449,1456 Kinsport Lane,"$2,500,000 ",8,4,"2,033",2|1,"8,163 Lot SqFt",San Jose,Res. Single Family,51
S,ML81887879,477 Dymond Court,"$2,500,000 ",8,2,"1,130",1|0,"5,090 Lot SqFt",Palo Alto,Res. Single Family,82
S,ML81887750,2368 Fairgrove Court,"$2,448,000 ",8,4,"1,509",2|0,"9,360 Lot SqFt",San Jose,Res. Single Family,62
S,ML81887449,1295 Sandra Drive,"$2,400,888 ",8,3,"1,889",2|1,"7,321 Lot SqFt",San Jose,Res. Single Family,75
S,ML81887677,1411 Blackstone Avenue,"$2,400,000 ",8,5,"2,363",2|0,"7,594 Lot SqFt",San Jose,Res. Single Family,51
S,ML81887345,1001 Shadow Brook Drive,"$2,375,000 ",8,4,"2,029",2|0,"8,145 Lot SqFt",San Jose,Res. Single Family,53
S,ML81887970,5177 Apennines Circle,"$2,300,000 ",8,4,"2,043",2|0,"7,444 Lot SqFt",San Jose,Res. Single Family,26
S,ML81887905,1592 Fallen Leaf Drive,"$2,269,000 ",8,4,"2,382",2|1,"11,068 Lot SqFt",Milpitas,Res. Single Family,53
S,ML81889257,18731 Rising Sun Drive,"$2,250,000 ",8,5,"3,418",4|1,"8,229 Lot SqFt",Morgan Hill,Res. Single Family,4
S,ML81887658,16 Carlyn Avenue,"$2,222,000 ",8,3,"1,798",2|0,"6,885 Lot SqFt",Campbell,Res. Single Family,81
S,ML81888858,333 Kellogg Way,"$2,218,000 ",8,3,"1,688",2|0,"5,127 Lot SqFt",Santa Clara,Res. Single Family,67
S,ML81887587,988 Orchid Way,"$2,180,000 ",8,3,"1,220",2|0,"6,378 Lot SqFt",San Jose,Res. Single Family,60
S,ML81889175,542 Woodhams Road,"$2,140,000 ",8,4,"1,810",3|0,"7,820 Lot SqFt",Santa Clara,Res. Single Family,59
S,ML81885310,3363 Creighton ,"$2,139,250 ",8,3,"1,368",2|0,"6,479 Lot SqFt",Santa Clara,Res. Single Family,64
S,ML81887725,1275 Britton Avenue,"$2,100,000 ",8,2,"1,578",1|0,"6,172 Lot SqFt",San Jose,Res. Single Family,73
S,ML81887386,2671 Hill Park Drive,"$2,100,000 ",8,5,"2,451",2|1,"6,796 Lot SqFt",San Jose,Res. Single Family,59
S,ML81884272,1753 Johnston Avenue,"$2,095,000 ",8,3,"1,568",2|1,"5,198 Lot SqFt",San Jose,Res. Single Family,73
S,ML81889032,1659 Kirk Court,"$2,070,000 ",8,4,"2,246",2|1,"5,320 Lot SqFt",San Jose,Res. Single Family,32
S,ML81887595,6698 Mount Hope Drive,"$2,036,000 ",8,3,"2,113",3|0,"8,565 Lot SqFt",San Jose,Res. Single Family,55
S,ML81890174,2497 Pilot Knob Drive,"$2,010,000 ",8,3,"1,629",3|0,"5,669 Lot SqFt",Santa Clara,Res. Single Family,2
S,ML81889265,295 W Charleston Road,"$2,000,000 ",8,3,"1,013",1|0,"6,020 Lot SqFt",Palo Alto,Res. Single Family,72
S,ML81887987,1167 Delynn Way,"$1,999,999 ",8,3,"1,878",2|0,"10,620 Lot SqFt",San Jose,Res. Single Family,69
S,ML81889416,390 Kalana Avenue,"$1,985,000 ",8,3,"2,000",2|0,2.81 Acres,Morgan Hill,Res. Single Family,79
S,ML81887415,5845 Antigua Drive,"$1,965,000 ",8,4,"1,870",2|0,"8,978 Lot SqFt",San Jose,Res. Single Family,52
S,ML81888982,850 Cape Verde Place,"$1,938,000 ",8,4,"2,940",2|1,"7,413 Lot SqFt",San Jose,Res. Single Family,44
S,ML81887788,3531 Forest Avenue,"$1,905,000 ",8,4,"1,350",2|0,"6,731 Lot SqFt",Santa Clara,Res. Single Family,67
S,ML81886638,1269 Manzano Way,"$1,875,000 ",8,3,"1,115",2|0,"5,741 Lot SqFt",Sunnyvale,Res. Single Family,67
S,ML81889104,1792 Villa Street,"$1,860,000 ",8,3,"1,068",1|0,"5,229 Lot SqFt",Mountain View,Res. Single Family,73
S,ML81886529,232 Bayliss Drive,"$1,850,000 ",8,5,"2,347",3|0,"6,529 Lot SqFt",San Jose,Res. Single Family,44
S,ML81888927,850 Richmond Avenue,"$1,825,000 ",8,3,"1,333",2|0,"6,047 Lot SqFt",San Jose,Res. Single Family,70
S,ML81886501,2010 Portmarnock Way,"$1,820,000 ",8,5,"3,655",3|1,"11,152 Lot SqFt",Gilroy,Res. Single Family,18
S,ML81888057,1233 Castlemont Avenue,"$1,804,000 ",8,3,"1,446",2|0,"5,995 Lot SqFt",San Jose,Res. Single Family,65
S,ML81889223,1224 Glacier Drive,"$1,800,000 ",8,5,"2,349",3|0,"5,499 Lot SqFt",Milpitas,Res. Single Family,52
S,ML81890114,1616 Duvall Drive,"$1,798,000 ",8,4,"1,400",2|0,"6,000 Lot SqFt",San Jose,Res. Single Family,62
S,ML81888123,3369 Granada Court,"$1,760,000 ",8,3,"1,166",2|0,"6,551 Lot SqFt",Santa Clara,Res. Single Family,68
S,SF422647383,1352 Carrie Lee Way,"$1,720,000 ",8,3,"1,370",2|0,"8,264 Lot SqFt",San Jose,Res. Single Family,0
S,ML81887908,1171 Greenbriar Avenue,"$1,710,000 ",8,3,"1,463",2|0,"5,812 Lot SqFt",San Jose,Res. Single Family,66
S,ML81883176,550 E Central Avenue,"$1,705,000 ",8,4,"2,456",2|1,"7,184 Lot SqFt",Morgan Hill,Res. Single Family,23
S,ML81889710,240 Garden Hill Drive,"$1,700,000 ",8,3,"1,150",2|0,"9,100 Lot SqFt",Los Gatos,Res. Single Family,63
S,BE40986693,720 N 21St St ,"$1,695,000 ",8,6,"2,012",4|1,"11,645 Lot SqFt",San Jose,Res. Single Family,69
S,ML81889540,5414 Century Meadow Court,"$1,625,000 ",8,4,"2,316",2|1,"6,000 Lot SqFt",San Jose,Res. Single Family,45
S,ML81884447,5101 Derek Drive,"$1,625,000 ",8,3,"1,543",2|0,"6,105 Lot SqFt",San Jose,Res. Single Family,51
S,ML81888533,6161 Yeadon Way,"$1,613,000 ",8,3,"1,497",2|1,"4,127 Lot SqFt",San Jose,Res. Single Family,26
S,ML81889161,3001 Greentree Way,"$1,600,000 ",8,3,"1,491",2|0,"6,588 Lot SqFt",San Jose,Res. Single Family,64
S,ML81888829,5766 Hecker Pass Road,"$1,600,000 ",8,3,"2,181",2|0,5.50 Acres,Gilroy,Res. Single Family,42
S,ML81888763,1522 San Joaquin Avenue,"$1,550,000 ",8,3,"1,214",2|0,"5,915 Lot SqFt",San Jose,Res. Single Family,68
S,ML81886867,3356 Quesada Drive,"$1,550,000 ",8,3,"2,039",2|1,"6,036 Lot SqFt",San Jose,Res. Single Family,43
S,ML81888684,818 Fountain Palm Court,"$1,525,000 ",8,4,"1,797",2|1,"3,003 Lot SqFt",San Jose,Res. Single Family,26
S,ML81887921,3527 Rowley Drive,"$1,500,000 ",8,3,"1,577",2|0,"6,729 Lot SqFt",San Jose,Res. Single Family,52
S,ML81886465,804 Coakley Drive,"$1,500,000 ",8,3,"1,056",1|1,"6,091 Lot SqFt",San Jose,Res. Single Family,64
S,ML81885761,16200 Saint Lawrence Drive,"$1,500,000 ",8,4,"2,401",2|1,"4,688 Lot SqFt",Morgan Hill,Res. Single Family,24
S,ML81884281,1284 Pembridge Drive,"$1,500,000 ",8,3,"1,581",2|1,"7,133 Lot SqFt",San Jose,Res. Single Family,62
S,ML81882209,4970 Collomia Court,"$1,476,000 ",8,3,"1,542",2|0,"9,292 Lot SqFt",San Jose,Res. Single Family,46
S,ML81887884,1572 Willowbrook Drive,"$1,470,000 ",8,3,"1,180",2|0,"5,800 Lot SqFt",San Jose,Res. Single Family,63
S,ML81885320,22 Cheltenham Way,"$1,470,000 ",8,3,"1,390",2|0,"6,148 Lot SqFt",San Jose,Res. Single Family,50
S,ML81889960,1645 Arizona Avenue,"$1,461,688 ",8,3,"1,404",3|0,"7,592 Lot SqFt",Milpitas,Res. Single Family,64
S,ML81885496,9690 Ohlone Way,"$1,460,000 ",8,4,"2,804",3|0,"6,923 Lot SqFt",Gilroy,Res. Single Family,21
S,ML81887548,1517 Hillsdale Avenue,"$1,450,000 ",8,3,"1,144",2|0,"6,735 Lot SqFt",San Jose,Res. Single Family,68
S,ML81884068,4167 Heppner Lane,"$1,450,000 ",8,3,"1,685",2|0,"6,126 Lot SqFt",San Jose,Res. Single Family,54
S,ML81889753,183 Venado Way,"$1,430,000 ",8,3,"1,203",2|0,"5,000 Lot SqFt",San Jose,Res. Single Family,56
S,ML81885974,1624 Blue Spruce Way,"$1,430,000 ",8,3,"1,363",2|0,"5,271 Lot SqFt",Milpitas,Res. Single Family,57
S,ML81887445,231 S 17th Street,"$1,410,000 ",8,4,"1,324",1|1,"6,513 Lot SqFt",San Jose,Res. Single Family,112
S,ML81884478,350 Carnegie Drive,"$1,405,000 ",8,4,"1,650",2|1,"6,136 Lot SqFt",Milpitas,Res. Single Family,67
S,ML81889877,317 Avenida Pinos ,"$1,400,000 ",8,3,"1,134",2|0,"6,540 Lot SqFt",San Jose,Res. Single Family,51
S,ML81881234,6570 Thames Drive,"$1,355,000 ",8,5,"2,590",3|0,"8,561 Lot SqFt",Gilroy,Res. Single Family,43
S,ML81888147,1411 Santa Paula Avenue,"$1,330,000 ",8,2,893,1|0,"5,357 Lot SqFt",San Jose,Res. Single Family,74
S,ML81886458,4937 Rice Drive,"$1,330,000 ",8,3,"1,415",2|0,"6,573 Lot SqFt",San Jose,Res. Single Family,46
S,ML81887519,343 Mayellen Avenue,"$1,320,000 ",8,2,"1,026",1|0,"6,570 Lot SqFt",San Jose,Res. Single Family,97
S,ML81888706,503 Paiute Lane,"$1,300,000 ",8,3,"1,208",2|0,"6,288 Lot SqFt",San Jose,Res. Single Family,57
S,ML81888662,1445 Jeffery Avenue,"$1,300,000 ",8,3,"1,373",2|0,"5,301 Lot SqFt",San Jose,Res. Single Family,67
S,ML81886609,627 N 20th Street,"$1,300,000 ",8,3,"1,014",1|1,"6,100 Lot SqFt",San Jose,Res. Single Family,65
S,ML81865155,16885 Sundance Drive,"$1,261,500 ",8,4,"2,092",3|0,"7,022 Lot SqFt",Morgan Hill,Res. Single Family,41
S,ML81887644,409 N 12th Street,"$1,255,800 ",8,2,"1,152",1|0,"5,830 Lot SqFt",San Jose,Res. Single Family,75
S,ML81888798,1412 Bristlecone Court,"$1,200,000 ",8,4,"2,268",3|0,"6,900 Lot SqFt",Gilroy,Res. Single Family,34
S,ML81891127,486 N 14th Street,"$1,170,000 ",8,3,"1,350",2|0,"5,893 Lot SqFt",San Jose,Res. Single Family,107
S,BE40991554,13861 Highwood Dr ,"$1,100,000 ",8,3,"1,024",1|0,"6,975 Lot SqFt",San Jose,Res. Single Family,69
S,ML81891694,16690 Fountain Avenue,"$1,050,000 ",8,3,"1,177",2|0,"7,366 Lot SqFt",Morgan Hill,Res. Single Family,47
S,BE40987471,1310 Arnold Ave ,"$1,000,000 ",8,3,"1,400",1|0,"5,000 Lot SqFt",San Jose,Res. Single Family,76
S,ML81891461,726 5th Street,"$935,000 ",8,3,"1,542",2|0,"8,470 Lot SqFt",Gilroy,Res. Single Family,64
S,ML81893032,671 Seale Avenue,"$5,450,000 ",9,6,"2,770",4|0,"7,500 Lot SqFt",Palo Alto,Res. Single Family,88
S,ML81888586,12200 Menalto Drive,"$5,100,000 ",9,5,"3,411",3|0,1.02 Acres,Los Altos Hills,Res. Single Family,58
S,ML81888022,266 Santander Court,"$4,900,000 ",9,5,"2,817",2|1,"9,500 Lot SqFt",Los Altos,Res. Single Family,57
S,ML81890125,869 Terrace Drive,"$4,825,000 ",9,5,"2,989",3|1,"11,717 Lot SqFt",Los Altos,Res. Single Family,47
S,SF422647656,13021 N Alta Lane,"$4,750,000 ",9,2,"1,430",2|0,2.19 Acres,Los Altos Hills,Res. Single Family,0
S,ML81888792,26425 Taaffe Road,"$4,700,000 ",9,4,"2,753",3|0,"38,993 Lot SqFt",Los Altos Hills,Res. Single Family,47
S,ML81887584,115 Broadway ,"$4,200,000 ",9,4,"2,866",4|0,"21,502 Lot SqFt",Los Gatos,Res. Single Family,127
S,ML81880477,1140 Camino Pablo ,"$4,200,000 ",9,5,"3,637",4|1,"6,773 Lot SqFt",San Jose,Res. Single Family,6
S,ML81886587,22710 Davis Court,"$4,150,000 ",9,5,"4,820",3|2,2.45 Acres,San Jose,Res. Single Family,35
S,ML81883633,256 Fulton Street,"$4,000,000 ",9,3,"2,055",2|0,"5,097 Lot SqFt",Palo Alto,Res. Single Family,43
S,ML81887143,3143 Stockton Place,"$3,925,000 ",9,4,"2,248",3|1,"6,297 Lot SqFt",Palo Alto,Res. Single Family,70
S,ML81887886,12166 Natoma Court,"$3,800,000 ",9,4,"2,108",3|0,"12,544 Lot SqFt",Saratoga,Res. Single Family,58
S,SF422646983,1476 La Crosse Drive,"$3,700,000 ",9,3,"1,838",2|0,"8,297 Lot SqFt",Sunnyvale,Res. Single Family,0
S,ML81887742,1050 Guinda Street,"$3,550,000 ",9,4,"2,098",2|0,"5,625 Lot SqFt",Palo Alto,Res. Single Family,96
S,ML81885528,1431 S Mary Avenue,"$3,175,000 ",9,4,"1,974",2|0,"8,557 Lot SqFt",Sunnyvale,Res. Single Family,62
S,ML81889902,101 Eunice Avenue,"$3,170,000 ",9,3,"2,084",2|1,"11,700 Lot SqFt",Mountain View,Res. Single Family,71
S,ML81888467,5999 Starwood Drive,"$2,680,888 ",9,4,"2,705",2|1,"7,840 Lot SqFt",San Jose,Res. Single Family,36
S,ML81888428,6498 Mojave Drive,"$2,500,000 ",9,4,"2,173",2|0,"9,003 Lot SqFt",San Jose,Res. Single Family,56
S,ML81887327,1128 Calboro Drive,"$2,400,000 ",9,4,"2,329",3|1,"7,425 Lot SqFt",San Jose,Res. Single Family,63
S,ML81889777,386 Monroe Street,"$2,300,000 ",9,5,"2,854",3|0,"7,500 Lot SqFt",Santa Clara,Res. Single Family,14
S,ML81886601,349 Daisy Drive,"$2,260,000 ",9,5,"2,952",4|0,"4,197 Lot SqFt",San Jose,Res. Single Family,24
S,ML81881788,1882 Kay Drive,"$2,242,500 ",9,3,"1,460",2|0,"6,566 Lot SqFt",San Jose,Res. Single Family,63
S,ML81881995,18410 Corte Anacapi ,"$2,135,000 ",9,4,"3,402",4|1,"14,822 Lot SqFt",Morgan Hill,Res. Single Family,2
S,ML81887367,250 N Central Avenue,"$2,100,000 ",9,4,"1,873",2|0,"6,499 Lot SqFt",Campbell,Res. Single Family,33
S,ML81884269,3113 Silbury Court,"$2,100,000 ",9,3,"2,304",2|1,"5,675 Lot SqFt",San Jose,Res. Single Family,38
S,ML81887154,8495 Pharmer Road,"$2,000,000 ",9,3,"1,949",2|0,4.25 Acres,Gilroy,Res. Single Family,102
S,ML81883685,1316 Morning Star Drive,"$1,975,000 ",9,3,"2,631",2|1,"8,073 Lot SqFt",Morgan Hill,Res. Single Family,5
S,ML81887540,807 Shirley Avenue,"$1,910,000 ",9,3,"1,747",2|0,"6,218 Lot SqFt",Sunnyvale,Res. Single Family,72
S,ML81887714,1437 Pinehurst Drive,"$1,845,000 ",9,4,"1,474",2|0,"6,005 Lot SqFt",San Jose,Res. Single Family,58
S,ML81886558,213 Coventry Drive,"$1,840,000 ",9,4,"1,393",2|0,"6,014 Lot SqFt",Campbell,Res. Single Family,65
S,ML81887242,786 Lakemuir Drive,"$1,810,000 ",9,3,"1,108",2|0,"7,700 Lot SqFt",Sunnyvale,Res. Single Family,65
S,ML81884129,73 La Crosse Drive,"$1,750,000 ",9,5,"2,670",3|0,"11,197 Lot SqFt",Morgan Hill,Res. Single Family,41
S,ML81877264,1625 Cherry Grove Drive,"$1,750,000 ",9,3,"1,865",2|0,"7,241 Lot SqFt",San Jose,Res. Single Family,65
S,ME222047658,1830 Phantom Avenue,"$1,743,000 ",9,3,"1,703",2|0,"8,698 Lot SqFt",Campbell,Res. Single Family,0
S,ML81885340,6981 El Marcero Court,"$1,710,000 ",9,5,"1,800",2|0,"7,204 Lot SqFt",San Jose,Res. Single Family,52
S,ML81887440,170 Santa Clara Avenue,"$1,700,000 ",9,2,"1,093",1|0,"4,541 Lot SqFt",Mountain View,Res. Single Family,71
S,ML81886845,1186 Redrock Court,"$1,700,000 ",9,3,"1,108",2|0,"6,559 Lot SqFt",Sunnyvale,Res. Single Family,64
S,ML81887336,1561 Rue Avati ,"$1,650,000 ",9,3,"1,511",2|1,"3,781 Lot SqFt",San Jose,Res. Single Family,28
S,ML81887330,2879 Rubino Circle,"$1,610,000 ",9,3,"1,889",2|1,"2,710 Lot SqFt",San Jose,Res. Single Family,23
S,ML81888755,211 Coriander Avenue,"$1,600,000 ",9,4,"2,828",2|1,"4,102 Lot SqFt",Morgan Hill,Res. Single Family,12
S,BE40988597,4262 Forestwood Dr ,"$1,600,000 ",9,4,"1,734",2|0,"8,588 Lot SqFt",San Jose,Res. Single Family,53
S,ML81888314,5782 Orchard Park Drive,"$1,555,000 ",9,4,"1,495",2|0,"6,051 Lot SqFt",San Jose,Res. Single Family,50
S,ML81889811,3285 Woodmont Drive,"$1,550,000 ",9,3,"1,460",2|0,"6,039 Lot SqFt",San Jose,Res. Single Family,62
S,ML81888912,5808 Alcazar Dr ,"$1,525,000 ",9,4,"1,516",2|0,"6,302 Lot SqFt",San Jose,Res. Single Family,57
S,ML81888861,4856 Birmingham Drive,"$1,465,000 ",9,4,"2,124",2|1,"8,442 Lot SqFt",San Jose,Res. Single Family,52
S,ML81887255,322 Endmoor Court,"$1,375,000 ",9,3,"1,067",2|0,"6,116 Lot SqFt",San Jose,Res. Single Family,50
S,ML81888474,2277 Freya Drive,"$1,351,000 ",9,3,"1,431",2|1,"2,649 Lot SqFt",San Jose,Res. Single Family,37
S,ML81888760,6546 Kaneko Drive,"$1,300,000 ",9,3,"1,137",2|0,"6,084 Lot SqFt",San Jose,Res. Single Family,52
S,ML81887571,179 Burning Tree Drive,"$1,225,000 ",9,3,"1,418",2|0,"6,374 Lot SqFt",San Jose,Res. Single Family,52
S,ML81887848,2960 Vanport Drive,"$1,200,000 ",9,4,"1,545",2|0,"5,640 Lot SqFt",San Jose,Res. Single Family,51
S,ML81885764,1911 Jackson Street ,"$1,200,000 ",9,3,985,1|0,"5,100 Lot SqFt",Santa Clara,Res. Single Family,68
S,ML81888092,168 Sierra Vista Place,"$1,190,000 ",9,3,"1,091",2|0,"11,017 Lot SqFt",San Jose,Res. Single Family,44
S,ML81881824,6750 Princevalle Street,"$1,100,000 ",9,3,"1,625",2|0,"7,867 Lot SqFt",Gilroy,Res. Single Family,41
S,ML81887414,4010 Hobart Avenue,"$950,000 ",9,2,824,1|0,"9,600 Lot SqFt",San Jose,Res. Single Family,73
S,ML81886570,18660 Hale Avenue,"$850,000 ",9,2,910,1|1,"12,220 Lot SqFt",Morgan Hill,Res. Single Family,97
S,ML81893174,7841 Eigleberry Street,"$670,000 ",9,3,"1,248",1|0,"9,258 Lot SqFt",Gilroy,Res. Single Family,122
S,ML81889508,618 San Miguel Avenue,"$188,000 ",9,3,"1,155",2|0,"5,624 Lot SqFt",Santa Clara,Res. Single Family,65
S,ML81886363,4233 Los Palos Avenue,"$3,800,000 ",10,3,"1,710",2|0,"9,400 Lot SqFt",Palo Alto,Res. Single Family,72
S,ML81888464,483 Rincon Avenue,"$3,620,000 ",10,4,"2,255",3|0,"6,077 Lot SqFt",Sunnyvale,Res. Single Family,5
S,ML81888124,704 Bicknell Road,"$3,500,000 ",10,4,"3,205",3|0,"23,899 Lot SqFt",Los Gatos,Res. Single Family,49
S,ML81888994,18774 Dundee Avenue,"$3,480,000 ",10,4,"2,493",3|0,"10,000 Lot SqFt",Saratoga,Res. Single Family,71
S,ML81889050,1214 Brenton Avenue,"$2,610,000 ",10,5,"2,432",3|1,"6,000 Lot SqFt",San Jose,Res. Single Family,59
S,ML81885698,964 Summerleaf Drive,"$2,400,000 ",10,5,"2,197",3|0,"8,055 Lot SqFt",San Jose,Res. Single Family,53
S,ML81887537,1075 Metro Circle,"$2,380,000 ",10,3,"1,118",1|0,"7,064 Lot SqFt",Palo Alto,Res. Single Family,71
S,ML81887751,611 Sheraton Drive,"$2,210,000 ",10,4,"1,755",2|0,"7,241 Lot SqFt",Sunnyvale,Res. Single Family,63
S,ML81885460,1967 Abinante Lane,"$2,100,000 ",10,3,"1,732",2|0,"7,050 Lot SqFt",San Jose,Res. Single Family,64
S,ML81888502,96 Calypso Lane,"$2,030,000 ",10,5,"2,636",3|0,"3,140 Lot SqFt",Milpitas,Res. Single Family,8
S,ML81887398,1361 Peggy Avenue,"$2,020,000 ",10,3,"1,336",2|0,"10,150 Lot SqFt",Campbell,Res. Single Family,71
S,ML81887477,1624 Trona Way,"$1,999,999 ",10,4,"1,935",2|0,"6,529 Lot SqFt",San Jose,Res. Single Family,61
S,ML81889276,15877 Miradero Avenue,"$1,910,000 ",10,4,"2,552",4|0,"7,456 Lot SqFt",San Jose,Res. Single Family,0
S,ML81890483,6025 Meridian Avenue,"$1,850,000 ",10,4,"2,024",2|1,"8,680 Lot SqFt",San Jose,Res. Single Family,49
S,ML81890156,253 E Rincon Avenue,"$1,830,000 ",10,2,"1,181",2|0,"7,366 Lot SqFt",Campbell,Res. Single Family,114
S,ML81887124,1388 Bryan Avenue,"$1,800,000 ",10,4,"1,750",2|1,"6,186 Lot SqFt",San Jose,Res. Single Family,56
S,ML81886938,103 Tiffin Drive,"$1,750,000 ",10,4,"2,141",2|1,"7,230 Lot SqFt",San Jose,Res. Single Family,38
S,ML81889400,2130 Bowdoin Street,"$1,712,000 ",10,1,636,1|0,"1,800 Lot SqFt",Palo Alto,Res. Single Family,91
S,ML81889292,1678 Vintner ,"$1,710,000 ",10,3,"1,794",2|0,"5,400 Lot SqFt",San Jose,Res. Single Family,46
S,ML81890456,514 Hull Avenue,"$1,700,000 ",10,3,"1,704",2|0,"6,480 Lot SqFt",San Jose,Res. Single Family,83
S,ML81888599,156 Washington Drive,"$1,630,000 ",10,4,"1,358",2|0,"6,015 Lot SqFt",Milpitas,Res. Single Family,58
S,BE40988462,4963 Collomia Ct ,"$1,625,000 ",10,4,"1,678",2|0,"6,620 Lot SqFt",San Jose,Res. Single Family,46
S,ML81881228,953 Maclay Drive,"$1,625,000 ",10,3,"1,903",2|1,"6,291 Lot SqFt",San Jose,Res. Single Family,52
S,ML81888671,1722 Canna Lane,"$1,600,000 ",10,3,"1,266",2|0,"6,376 Lot SqFt",San Jose,Res. Single Family,60
S,ML81883732,895 Coventry Circle,"$1,550,000 ",10,3,"1,328",2|1,"3,522 Lot SqFt",Milpitas,Res. Single Family,34
S,ML81889593,2825 Fountain Oaks Drive,"$1,500,000 ",10,4,"2,078",2|0,"9,380 Lot SqFt",Morgan Hill,Res. Single Family,45
S,ML81887874,4735 Lago Vista Circle,"$1,490,000 ",10,3,"1,496",2|1,"2,760 Lot SqFt",San Jose,Res. Single Family,41
S,ML81889708,714 Calero Street,"$1,465,000 ",10,3,"1,277",2|0,"6,176 Lot SqFt",Milpitas,Res. Single Family,62
S,ML81888185,1731 Blossom Hill Road,"$1,450,000 ",10,4,"1,598",2|0,"7,280 Lot SqFt",San Jose,Res. Single Family,63
S,ME222040375,5742 Knollwell Way,"$1,440,000 ",10,5,"1,987",3|0,"5,580 Lot SqFt",San Jose,Res. Single Family,0
S,ML81888991,15475 La Alameda Drive,"$1,399,000 ",10,4,"2,331",3|0,"16,225 Lot SqFt",Morgan Hill,Res. Single Family,48
S,ML81884919,2718 Eulalie Drive,"$1,305,000 ",10,3,"1,232",2|0,"5,851 Lot SqFt",San Jose,Res. Single Family,55
S,ML81888700,481 N 18th Street,"$1,205,000 ",10,4,"1,236",2|0,"4,807 Lot SqFt",San Jose,Res. Single Family,98
S,ML81889391,2114 Stratton Place,"$1,185,000 ",10,3,"1,041",2|0,"6,479 Lot SqFt",San Jose,Res. Single Family,46
S,ML81887281,300 London Drive,"$1,170,000 ",10,4,"2,147",2|0,"7,123 Lot SqFt",Gilroy,Res. Single Family,43
S,ML81887466,2386 Azevedo Parkway,"$1,160,000 ",10,2,"1,690",2|1,"1,396 Lot SqFt",San Jose,Res. Single Family,18
S,ML81878065,7206 Via Maria ,"$1,151,000 ",10,3,"1,462",2|0,"6,236 Lot SqFt",San Jose,Res. Single Family,50
S,ME222043598,2364 Bikini Avenue,"$1,100,000 ",10,3,"1,068",2|0,"5,950 Lot SqFt",San Jose,Res. Single Family,0
S,ML81885318,175 Roosevelt Avenue,"$1,100,000 ",10,4,"1,977",2|0,1.15 Acres,San Martin,Res. Single Family,48
S,ML81887472,3137 Haga Drive,"$1,060,000 ",10,3,"1,152",2|0,"6,104 Lot SqFt",San Jose,Res. Single Family,46
S,ML81885972,263 Loupe Court,"$850,000 ",10,4,"1,299",1|1,"4,234 Lot SqFt",Gilroy,Res. Single Family,50
S,ML81888063,1407 Ford Avenue,"$840,000 ",10,2,984,1|0,"7,810 Lot SqFt",San Jose,Res. Single Family,122
S,ML81888061,1401 Ford Avenue,"$820,000 ",10,3,"1,193",1|0,"5,358 Lot SqFt",San Jose,Res. Single Family,122
S,ML81885476,290 De Anza Lane,"$4,748,000 ",11,4,"3,584",3|1,"11,325 Lot SqFt",Los Altos,Res. Single Family,28
S,ML81887282,708 Casita Way,"$4,000,000 ",11,3,"1,901",2|0,"10,296 Lot SqFt",Los Altos,Res. Single Family,65
S,ML81890460,12106 Kristy Lane,"$3,650,000 ",11,6,"2,527",2|1,"10,200 Lot SqFt",Saratoga,Res. Single Family,60
S,ML81883302,19460 Graystone Lane,"$3,450,000 ",11,5,"4,580",3|1,2.17 Acres,San Jose,Res. Single Family,41
S,ML81886449,932 Pine Avenue,"$2,425,000 ",11,5,"2,622",3|0,"7,436 Lot SqFt",San Jose,Res. Single Family,23
S,ML81884078,2493 Parquet ,"$2,400,000 ",11,5,"2,479",2|1,"7,800 Lot SqFt",San Jose,Res. Single Family,57
S,ML81888239,1148 Holly Ann Place,"$2,350,000 ",11,4,"1,911",2|0,"10,787 Lot SqFt",San Jose,Res. Single Family,48
S,ML81887740,1451 Old Piedmont Road,"$2,125,000 ",11,5,"2,865",3|0,"10,320 Lot SqFt",San Jose,Res. Single Family,44
S,ML81886296,4963 Tony Avenue,"$2,075,000 ",11,3,"1,249",2|0,"6,060 Lot SqFt",San Jose,Res. Single Family,65
S,ML81890287,18211 Tolusa Place,"$2,008,888 ",11,5,"3,231",4|1,"7,446 Lot SqFt",Morgan Hill,Res. Single Family,6
S,ML81887685,1570 Calle De Aida ,"$1,999,999 ",11,5,"2,145",2|1,"6,221 Lot SqFt",San Jose,Res. Single Family,47
S,ML81884018,1856 Tersini Court,"$1,999,999 ",11,4,"2,254",3|0,"6,255 Lot SqFt",San Jose,Res. Single Family,32
S,ML81887562,2300 Middletown Drive,"$1,980,000 ",11,4,"1,512",2|0,"6,045 Lot SqFt",Campbell,Res. Single Family,60
S,ML81887455,1727 Eberhard Street,"$1,960,000 ",11,3,"1,671",2|0,"6,800 Lot SqFt",Santa Clara,Res. Single Family,71
S,ML81890621,17461 Blue Jay Drive,"$1,945,000 ",11,4,"2,413",2|1,"20,000 Lot SqFt",Morgan Hill,Res. Single Family,47
S,ML81887606,1804 Wintersong Court,"$1,720,000 ",11,4,"2,084",2|0,"7,311 Lot SqFt",San Jose,Res. Single Family,47
S,BE40988068,2170 Cabrillo Ave ,"$1,700,000 ",11,3,"1,181",2|0,"5,340 Lot SqFt",Santa Clara,Res. Single Family,68
S,ML81887718,3312 Merrimac Drive,"$1,666,666 ",11,3,"1,612",2|0,"6,120 Lot SqFt",San Jose,Res. Single Family,59
S,ML81889041,1725 Hallmark Lane,"$1,630,000 ",11,3,"1,695",2|1,"7,040 Lot SqFt",San Jose,Res. Single Family,64
S,ML81886544,6043 Buffett Place,"$1,550,000 ",11,3,"1,538",2|1,"2,450 Lot SqFt",San Jose,Res. Single Family,28
S,ML81886579,1470 Hauck Drive,"$1,483,000 ",11,3,"1,202",2|0,"6,259 Lot SqFt",San Jose,Res. Single Family,63
S,ML81888773,3514 Williams Road,"$1,470,000 ",11,3,"1,498",2|0,"6,260 Lot SqFt",San Jose,Res. Single Family,63
S,ML81888191 ,153 Talmadge Avenue,"$1,340,000 ",11,4,"1,535",2|0,"11,956 Lot SqFt",San Jose,Res. Single Family,87
S,ML81886079,1585 Eagles Nest Lane,"$1,285,000 ",11,4,"1,927",2|0,"7,836 Lot SqFt",Gilroy,Res. Single Family,25
S,ML81889919,398 Skyway Drive,"$1,280,000 ",11,4,"1,458",2|0,"6,555 Lot SqFt",San Jose,Res. Single Family,56
S,ML81892091,483 Coe Avenue,"$1,250,000 ",11,2,960,1|0,"5,400 Lot SqFt",San Jose,Res. Single Family,93
S,ML81883792,980 Hoxett Street,"$1,200,000 ",11,4,"2,237",2|1,"7,047 Lot SqFt",Gilroy,Res. Single Family,40
S,ML81886123,6813 Moselle Drive,"$999,000 ",11,2,816,1|0,"6,361 Lot SqFt",San Jose,Res. Single Family,52
S,BE40994367,3367 Brigadoon Way ,"$710,000 ",11,3,910,1|0,"5,356 Lot SqFt",San Jose,Res. Single Family,51
S,ML81882734,4249 Manuela Court,"$7,900,000 ",12,5,"5,126",3|1,"39,195 Lot SqFt",Palo Alto,Res. Single Family,44
S,ML81887249,17600 Bruce Avenue,"$4,200,000 ",12,4,"3,054",3|1,"9,891 Lot SqFt",Los Gatos,Res. Single Family,21
S,ML81890932,1604 Shirley Avenue,"$3,600,000 ",12,4,"2,351",2|1,"9,158 Lot SqFt",Los Altos,Res. Single Family,47
S,ML81885339,5450 Ligurian Drive,"$3,125,000 ",12,4,"2,682",3|0,"18,109 Lot SqFt",San Jose,Res. Single Family,26
S,ML81884537,3421 Kenneth Drive,"$3,050,000 ",12,3,"1,479",2|0,"8,801 Lot SqFt",Palo Alto,Res. Single Family,64
S,ML81890563,4708 Grimsby Drive,"$2,900,000 ",12,4,"2,040",3|0,"5,610 Lot SqFt",San Jose,Res. Single Family,59
S,ML81887245,1066 Castleton Way,"$2,520,000 ",12,4,"1,808",2|0,"6,855 Lot SqFt",Sunnyvale,Res. Single Family,49
S,ML81885664,2346 Elester Court,"$2,500,000 ",12,3,"1,872",3|0,"9,513 Lot SqFt",San Jose,Res. Single Family,66
S,ME222041183,3216 Oriole Drive,"$2,250,000 ",12,4,"2,115",2|0,"11,983 Lot SqFt",San Jose,Res. Single Family,0
S,ML81886086,3195 Temple Court,"$2,199,000 ",12,3,"1,935",2|0,"7,836 Lot SqFt",Santa Clara,Res. Single Family,59
S,ML81885473,17220 Melody Lane,"$1,925,000 ",12,3,"1,838",2|1,"39,752 Lot SqFt",Los Gatos,Res. Single Family,65
S,CC40972826,304 Harcot Terrace ,"$1,898,515 ",12,3,"1,679",2|1,"2,262 Lot SqFt",Sunnyvale,Res. Single Family,0
S,ML81887331,749 Promenade Lane,"$1,830,000 ",12,5,"2,346",3|0,"8,684 Lot SqFt",San Jose,Res. Single Family,25
S,ML81887197,1396 Fallen Leaf Drive,"$1,815,000 ",12,3,"1,688",2|0,"6,430 Lot SqFt",Milpitas,Res. Single Family,54
S,ML81886955,1962 Kobara Lane,"$1,780,000 ",12,3,"1,610",2|1,"7,276 Lot SqFt",San Jose,Res. Single Family,65
S,ML81887022,538 Churchill Park Drive,"$1,675,000 ",12,4,"2,124",2|1,"7,442 Lot SqFt",San Jose,Res. Single Family,49
S,BE40994433,2134 Kingsbury Cir ,"$1,540,000 ",12,3,"1,589",2|1,"2,912 Lot SqFt",Santa Clara,Res. Single Family,22
S,ML81887522,7645 Alister Court,"$1,525,000 ",12,4,"2,579",3|0,"6,882 Lot SqFt",Gilroy,Res. Single Family,12
S,ML81889271,241 Spring Valley Lane,"$1,500,000 ",12,3,"1,242",2|0,"6,392 Lot SqFt",Milpitas,Res. Single Family,52
S,ML81887139,4247 Rosenbaum Avenue,"$1,470,000 ",12,3,"1,442",2|0,"6,255 Lot SqFt",San Jose,Res. Single Family,51
S,ML81888106,1524 Willowgate Drive,"$1,450,000 ",12,3,"1,137",2|0,"5,789 Lot SqFt",San Jose,Res. Single Family,65
S,BE40987983,774 River View Dr ,"$1,425,000 ",12,4,"1,893",2|1,"12,739 Lot SqFt",San Jose,Res. Single Family,46
S,ML81886945,3134 Gardendale Drive,"$1,420,000 ",12,4,"1,248",2|0,"6,371 Lot SqFt",San Jose,Res. Single Family,66
S,ML81890103,4820 Corrales Drive,"$1,320,000 ",12,3,"1,385",2|0,"6,625 Lot SqFt",San Jose,Res. Single Family,52
S,BE40989607,377 Springpark Cir ,"$1,295,000 ",12,4,"1,466",2|0,"5,500 Lot SqFt",San Jose,Res. Single Family,54
S,ML81884786,244 Blossom Hill Road,"$1,280,000 ",12,3,"1,617",2|0,"6,250 Lot SqFt",San Jose,Res. Single Family,59
S,ML81887711,1230 Glen Brae Lane,"$1,275,000 ",12,3,"1,200",2|0,"6,648 Lot SqFt",San Jose,Res. Single Family,60
S,ML81888762,715 N 11th Street,"$1,220,000 ",12,3,"1,717",3|1,"1,754 Lot SqFt",San Jose,Res. Single Family,8
S,ML81889121,260 Beegum Way,"$1,200,000 ",12,3,"1,546",2|1,"5,000 Lot SqFt",San Jose,Res. Single Family,59
S,ML81884010,611 Fenton Street,"$1,200,000 ",12,3,"1,395",3|0,"5,068 Lot SqFt",San Jose,Res. Single Family,56
S,ML81888337,1849 Forest Court,"$1,150,000 ",12,3,"1,215",2|0,"3,151 Lot SqFt",Milpitas,Res. Single Family,57
S,ML81886064,145 W San Martin Avenue,"$1,130,000 ",12,2,"1,452",1|0,"9,624 Lot SqFt",San Martin,Res. Single Family,66
S,ML81887719,1726 Midfield Avenue,"$970,000 ",12,3,960,1|0,"5,007 Lot SqFt",San Jose,Res. Single Family,63
S,ML81885727,7720 Rosanna Street,"$730,000 ",12,3,"1,120",2|0,"6,338 Lot SqFt",Gilroy,Res. Single Family,112
S,ML81891177,21298 Maria Lane,"$3,750,000 ",13,4,"2,663",3|0,"14,000 Lot SqFt",Saratoga,Res. Single Family,7
S,ML81886932,70 Cody Lane,"$3,650,000 ",13,4,"2,293",2|1,"9,880 Lot SqFt",Los Altos,Res. Single Family,56
S,ML81888341,12162 Woodside Drive,"$3,350,000 ",13,5,"2,371",3|1,"9,750 Lot SqFt",Saratoga,Res. Single Family,66
S,BE40990456,1059 Peony Dr ,"$2,803,000 ",13,4,"3,055",3|1,"3,859 Lot SqFt",Milpitas,Res. Single Family,1
S,ML81887515,1594 Summerfield Drive,"$2,800,000 ",13,4,"2,594",3|0,"6,098 Lot SqFt",Campbell,Res. Single Family,25
S,ML81886694,3707 Cefalu Drive,"$2,580,000 ",13,4,"1,924",2|0,"6,120 Lot SqFt",San Jose,Res. Single Family,61
S,ML81888886,2744 Lansford Avenue,"$2,500,000 ",13,4,"2,436",2|1,"8,549 Lot SqFt",San Jose,Res. Single Family,68
S,ML81885910,858 N Central Avenue,"$2,500,000 ",13,3,"1,844",2|1,"10,483 Lot SqFt",Campbell,Res. Single Family,70
S,ML81892265,1417 Norman Drive,"$2,450,000 ",13,5,"2,000",5|0,"9,300 Lot SqFt",Sunnyvale,Res. Single Family,71
S,ML81887579,712 Salvatierra Street,"$2,425,000 ",13,3,"1,857",2|0,"14,655 Lot SqFt",Stanford,Res. Single Family,93
S,ML81888719,1571 Husted Avenue,"$2,350,000 ",13,3,"1,888",2|0,"6,694 Lot SqFt",San Jose,Res. Single Family,69
S,BE40989064,1752 Harte Dr ,"$2,150,000 ",13,4,"1,688",2|0,"7,062 Lot SqFt",San Jose,Res. Single Family,61
S,SF422646351,3109 Maddux Drive,"$2,150,000 ",13,3,"1,004",1|0,"7,748 Lot SqFt",Palo Alto,Res. Single Family,0
S,ML81886190,1264 Poplar Avenue,"$2,150,000 ",13,3,"1,746",3|0,"2,994 Lot SqFt",Sunnyvale,Res. Single Family,18
S,BE40987569,1497 Portobelo Dr ,"$2,100,000 ",13,3,"1,579",2|0,"7,035 Lot SqFt",San Jose,Res. Single Family,55
S,ML81885235,1112 Holmes Avenue,"$2,050,000 ",13,4,"2,121",2|1,"8,716 Lot SqFt",Campbell,Res. Single Family,67
S,CC40988759,2641 Flagstone Dr ,"$1,999,999 ",13,4,"2,360",3|0,"6,000 Lot SqFt",San Jose,Res. Single Family,48
S,ML81888500,374 Huckleberry Drive,"$1,970,000 ",13,4,"2,450",3|0,"4,531 Lot SqFt",San Jose,Res. Single Family,24
S,ML81885696,1681 Mount Vernon Drive,"$1,950,000 ",13,4,"1,743",2|0,"6,301 Lot SqFt",San Jose,Res. Single Family,66
S,ML81886788,2139 Orestes Way,"$1,900,000 ",13,3,"1,483",2|0,"6,009 Lot SqFt",Campbell,Res. Single Family,58
S,ML81883607,12581 Clayton Road,"$1,775,000 ",13,4,"2,245",2|1,3.63 Acres,San Jose,Res. Single Family,84
S,ML81892488,3475 Kenyon Drive,"$1,750,000 ",13,5,"1,902",3|0,"6,262 Lot SqFt",Santa Clara,Res. Single Family,61
S,ML81890480,4207 Vistamont Drive,"$1,739,000 ",13,3,"1,651",2|0,"6,000 Lot SqFt",San Jose,Res. Single Family,55
S,ML81882045,305 Coty Way,"$1,700,000 ",13,6,"2,236",3|0,"6,860 Lot SqFt",San Jose,Res. Single Family,51
S,ML81887765,1280 Socorro Avenue,"$1,680,000 ",13,3,"1,108",2|0,"5,933 Lot SqFt",Sunnyvale,Res. Single Family,67
S,ML81887910,4387 Venice Way,"$1,646,000 ",13,3,"1,400",2|0,"6,000 Lot SqFt",San Jose,Res. Single Family,65
S,ML81888782,742 Lakemuir Drive,"$1,450,000 ",13,3,"1,108",2|0,"5,512 Lot SqFt",Sunnyvale,Res. Single Family,65
S,ML81884504,914 Kingfisher Drive,"$1,450,000 ",13,3,"1,302",2|0,"6,343 Lot SqFt",San Jose,Res. Single Family,66
S,ML81887883,374 Grandin Court,"$1,350,000 ",13,3,"1,668",2|0,"6,963 Lot SqFt",San Jose,Res. Single Family,54
S,BE40990835,1789 Girard Dr ,"$1,335,000 ",13,3,"1,102",2|0,"6,000 Lot SqFt",Milpitas,Res. Single Family,62
S,ML81890909,1797 Mount Pleasant Road,"$1,280,000 ",13,3,"1,413",2|0,"6,105 Lot SqFt",San Jose,Res. Single Family,44
S,ML81887567,19051 Chicory Lane,"$1,210,027 ",13,3,"1,986",2|1,"5,197 Lot SqFt",Morgan Hill,Res. Single Family,7
S,ML81887716,1267 Lightland Road,"$1,200,888 ",13,3,"1,239",2|0,"3,570 Lot SqFt",San Jose,Res. Single Family,46
S,ML81889151,2159 Laurelei Avenue,"$1,200,000 ",13,3,"1,120",1|0,"6,431 Lot SqFt",San Jose,Res. Single Family,72
S,ML81889262,262 Bluefield Drive,"$1,190,000 ",13,3,"1,305",2|0,"5,680 Lot SqFt",San Jose,Res. Single Family,50
S,ML81888154,286 N Pastoria Avenue,"$1,180,000 ",13,1,570,1|0,"5,459 Lot SqFt",Sunnyvale,Res. Single Family,74
S,ML81885521,16647 Lone Hill Drive,"$825,000 ",13,3,"1,032",2|0,"1,358 Lot SqFt",Morgan Hill,Res. Single Family,39
S,ML81890507,1698 Nightingale Avenue,"$2,950,000 ",14,4,"2,296",3|1,"6,189 Lot SqFt",Sunnyvale,Res. Single Family,5
S,ML81888977,3311 Tracy Drive,"$2,750,000 ",14,5,"2,340",3|0,"6,282 Lot SqFt",Santa Clara,Res. Single Family,65
S,ML81884261,866 Forest Ridge Drive,"$2,730,000 ",14,5,"2,239",2|1,"5,940 Lot SqFt",San Jose,Res. Single Family,55
S,ML81887785,1173 Old Oak Drive,"$2,650,000 ",14,4,"2,392",3|0,"8,310 Lot SqFt",San Jose,Res. Single Family,57
S,ML81886426,18312 Solano Court,"$2,000,000 ",14,4,"3,074",3|0,"6,905 Lot SqFt",Morgan Hill,Res. Single Family,23
S,ML81889944,1286 Lennon Way,"$1,900,000 ",14,3,"1,687",2|0,"6,882 Lot SqFt",San Jose,Res. Single Family,73
S,ML81888704,867 Pinewood Drive,"$1,810,000 ",14,3,"1,547",2|0,"6,123 Lot SqFt",San Jose,Res. Single Family,67
S,ML81886853,1928 Meridian Avenue,"$1,800,000 ",14,4,"2,833",3|1,"5,331 Lot SqFt",San Jose,Res. Single Family,36
S,ML81882255,16201 Stevens Canyon Road,"$1,800,000 ",14,4,"2,000",2|0,1.28 Acres,Cupertino,Res. Single Family,82
S,ML81883644,708 Flannery Street,"$1,700,000 ",14,4,"1,370",2|0,"5,188 Lot SqFt",Santa Clara,Res. Single Family,67
S,ML81883971,3300 Canada Road,"$1,650,000 ",14,4,"2,908",3|0,2.68 Acres,Gilroy,Res. Single Family,47
S,BE40988040,2988 Heidi Ct ,"$1,580,000 ",14,4,"1,577",3|0,"7,020 Lot SqFt",San Jose,Res. Single Family,59
S,ML81888779,1747 Clovis Avenue,"$1,500,000 ",14,3,"1,437",2|0,"8,981 Lot SqFt",San Jose,Res. Single Family,63
S,ML81886709,2510 Pioneer Avenue,"$1,500,000 ",14,3,"1,519",2|0,"5,199 Lot SqFt",San Jose,Res. Single Family,75
S,ML81886835,1622 Barberry Lane,"$1,277,250 ",14,4,"2,172",2|0,"7,883 Lot SqFt",San Jose,Res. Single Family,45
S,ML81886023,9145 Desiderio Way,"$1,210,000 ",14,4,"2,608",3|0,"5,190 Lot SqFt",Gilroy,Res. Single Family,17
S,ML81888146,1935 Edgestone Cir ,"$1,170,000 ",14,4,"1,652",3|0,"4,050 Lot SqFt",San Jose,Res. Single Family,42
S,ML81884305,130 Solar Court,"$1,150,000 ",14,3,"1,000",1|1,"6,200 Lot SqFt",Milpitas,Res. Single Family,64
S,SF422649918,1175 Spiro Drive,"$1,100,000 ",14,3,"1,101",2|0,"4,283 Lot SqFt",San Jose,Res. Single Family,0
S,ML81887976,901 Hutchinson Avenue,"$3,550,000 ",15,3,"1,901",2|0,"7,054 Lot SqFt",Palo Alto,Res. Single Family,81
S,ML81888850,10366 Heney Creek Place,"$3,388,000 ",15,4,"3,284",3|0,"10,411 Lot SqFt",Cupertino,Res. Single Family,43
S,ML81888365,1115 Sussex Square,"$2,900,000 ",15,4,"2,494",2|1,"5,589 Lot SqFt",Mountain View,Res. Single Family,44
S,ML81886614,783 Finchwood Way,"$2,645,000 ",15,5,"2,760",3|0,"8,000 Lot SqFt",San Jose,Res. Single Family,42
S,ML81886387,7016 Brooktree Way,"$2,500,000 ",15,4,"2,334",3|0,"20,000 Lot SqFt",San Jose,Res. Single Family,47
S,ML81883145,4163 Casa Grande Court,"$2,240,000 ",15,5,"2,494",2|1,"10,393 Lot SqFt",San Jose,Res. Single Family,56
S,ML81885257,4035 Payne Avenue,"$1,800,000 ",15,4,"1,769",2|0,"7,085 Lot SqFt",San Jose,Res. Single Family,59
S,ML81885601,16765 Oak View Circle,"$1,720,000 ",15,5,"4,510",4|1,"24,430 Lot SqFt",Morgan Hill,Res. Single Family,45
S,ML81884908,3638 Gavota Avenue,"$1,720,000 ",15,3,"1,319",2|0,"6,115 Lot SqFt",San Jose,Res. Single Family,65
S,ML81886584,15950 Oakridge Road,"$1,655,000 ",15,4,"2,904",3|0,"14,366 Lot SqFt",Morgan Hill,Res. Single Family,49
S,ML81887619,3928 Jarvis Avenue,"$1,375,000 ",15,4,"1,474",2|0,"6,679 Lot SqFt",San Jose,Res. Single Family,58
S,ML81887451,700 Vasona Street,"$1,315,000 ",15,3,"1,277",2|0,"6,231 Lot SqFt",Milpitas,Res. Single Family,62
S,ML81889075,774 Lakewood Drive,"$1,240,000 ",15,3,"1,108",2|0,"6,307 Lot SqFt",Sunnyvale,Res. Single Family,65
S,ML81889995,78 N 34th Street,"$960,000 ",15,3,"1,700",2|0,"10,250 Lot SqFt",San Jose,Res. Single Family,102
S,ML81882106,1140 Crescent Drive,"$2,550,000 ",16,3,"2,820",3|0,"6,056 Lot SqFt",San Jose,Res. Single Family,81
S,ML81881160,1614 Rocky Mountain Avenue,"$2,250,000 ",16,4,"2,029",2|1,"9,558 Lot SqFt",Milpitas,Res. Single Family,54
S,ML81890031,1747 Cottle Avenue,"$1,810,000 ",16,3,"1,807",2|1,"8,250 Lot SqFt",San Jose,Res. Single Family,71
S,ML81888469,3440 Grossmont Drive,"$1,800,000 ",16,4,"1,502",2|0,"8,831 Lot SqFt",San Jose,Res. Single Family,63
S,ML81890465,3339 Quesada Drive,"$1,675,000 ",16,3,"2,039",2|1,"6,300 Lot SqFt",San Jose,Res. Single Family,43
S,ML81884551,16255 Jackson Oaks Drive,"$1,500,000 ",16,4,"2,491",3|0,"18,059 Lot SqFt",Morgan Hill,Res. Single Family,50
S,ML81887384,6089 Larchmont Drive,"$1,440,000 ",16,3,"1,507",2|0,"6,084 Lot SqFt",San Jose,Res. Single Family,54
S,ML81886574,743 Locust Street,"$1,020,000 ",16,2,"1,170",1|0,"5,884 Lot SqFt",San Jose,Res. Single Family,113
S,ML81888980,1811 Woodridge Way,"$1,010,000 ",16,3,"1,289",2|0,"6,217 Lot SqFt",San Jose,Res. Single Family,54
S,ML81886013 ,1552 E San Fernando Street,"$1,010,000 ",16,4,"1,553",2|0,"5,360 Lot SqFt",San Jose,Res. Single Family,92
S,ME222033716,468 N 11th Street,"$861,500 ",16,4,"1,722",2|0,"5,985 Lot SqFt",San Jose,Res. Single Family,0
S,ML81887122,840 Parma Way,"$5,550,000 ",17,4,"3,238",3|1,"15,202 Lot SqFt",Los Altos,Res. Single Family,74
S,ML81889366,2190 Webster Street,"$5,500,000 ",17,4,"2,528",3|0,"7,932 Lot SqFt",Palo Alto,Res. Single Family,87
S,ML81886602,485 Marion Avenue,"$3,862,500 ",17,4,"2,066",2|0,"5,849 Lot SqFt",Palo Alto,Res. Single Family,77
S,ML81889466,1242 Spaich Drive,"$2,400,000 ",17,4,"2,532",2|1,"6,036 Lot SqFt",San Jose,Res. Single Family,42
S,ML81887268,2666 La Salle Way,"$1,999,999 ",17,3,"1,467",2|0,"6,048 Lot SqFt",San Jose,Res. Single Family,62
S,ML81886918,3727 Kirk Road,"$1,780,000 ",17,4,"1,946",3|0,"5,922 Lot SqFt",San Jose,Res. Single Family,65
S,ML81885410,16955 Uvas Road,"$1,750,000 ",17,6,"4,357",4|0,1.12 Acres,Morgan Hill,Res. Single Family,40
S,ML81887964,1903 Junesong Way,"$1,620,000 ",17,4,"2,293",2|1,"4,352 Lot SqFt",San Jose,Res. Single Family,31
S,ML81888236,998 Hamilton Avenue,"$1,591,000 ",17,3,"1,659",2|0,"5,815 Lot SqFt",Milpitas,Res. Single Family,44
S,ML81886122,7025 Yorktown Drive,"$1,100,000 ",17,5,"2,590",3|0,"7,094 Lot SqFt",Gilroy,Res. Single Family,42
S,BE40988156,3315 Mount Everest Dr ,"$1,085,000 ",17,5,"1,659",2|0,"5,000 Lot SqFt",San Jose,Res. Single Family,61
S,ML81892562,3263 Mount Vista Drive,"$870,000 ",17,3,"1,198",2|0,"5,400 Lot SqFt",San Jose,Res. Single Family,63
S,ML81880196,5333 Greenside Drive,"$2,730,000 ",18,4,"4,216",3|1,"23,014 Lot SqFt",San Jose,Res. Single Family,102
S,ML81884538,5080 Shady Avenue,"$2,450,000 ",18,4,"2,119",2|1,"6,134 Lot SqFt",San Jose,Res. Single Family,59
S,ML81885308,203 Waverly Street,"$2,352,000 ",18,3,"1,404",2|0,"6,000 Lot SqFt",Sunnyvale,Res. Single Family,112
S,ML81888715,3618 Pyramid Way ,"$2,040,000 ",18,3,"1,776",3|1,"1,425 Lot SqFt",Mountain View,Res. Single Family,4
S,ML81888965,2281 Petersburg Drive,"$1,850,000 ",18,4,"2,074",3|0,"6,880 Lot SqFt",Milpitas,Res. Single Family,52
S,ML81884271,516 N Baywood Avenue,"$1,850,000 ",18,5,"2,097",2|0,"5,186 Lot SqFt",San Jose,Res. Single Family,72
S,ML81888741,17570 Blue Jay Drive,"$1,810,000 ",18,3,"5,167",4|0,"18,997 Lot SqFt",Morgan Hill,Res. Single Family,42
S,SF422647605,430 Morse Avenue,"$1,650,000 ",18,4,"1,320",3|0,"7,089 Lot SqFt",Sunnyvale,Res. Single Family,0
S,ML81890422,2845 Ronco Drive,"$1,550,000 ",18,4,"2,150",2|1,"6,000 Lot SqFt",San Jose,Res. Single Family,52
S,ML81889457,1421 Bouret Drive,"$1,440,000 ",18,3,"1,080",2|0,"11,400 Lot SqFt",San Jose,Res. Single Family,59
S,ML81887010,860 N 19th Street,"$1,400,000 ",18,3,"1,559",1|0,"12,774 Lot SqFt",San Jose,Res. Single Family,121
S,ML81887708,1015 Marianelli Court,"$1,020,000 ",18,3,"1,180",2|0,"5,028 Lot SqFt",San Jose,Res. Single Family,45
S,ML81884385,617 N 17th Street,"$895,000 ",18,3,828,1|0,"5,665 Lot SqFt",San Jose,Res. Single Family,82
S,ML81884794,41 Hawthorne Avenue,"$4,220,000 ",19,5,"3,174",3|1,"15,000 Lot SqFt",Los Altos,Res. Single Family,98
S,ML81892115,4012 Scripps Avenue,"$3,750,000 ",19,5,"2,243",3|0,"7,650 Lot SqFt",Palo Alto,Res. Single Family,67
S,ML81886275,12260 Fredericksburg Court,"$3,650,000 ",19,4,"2,534",2|0,"14,375 Lot SqFt",Saratoga,Res. Single Family,54
S,ML81888072,1128 Kendal Court,"$3,200,000 ",19,4,"3,319",3|0,"8,102 Lot SqFt",San Jose,Res. Single Family,38
S,ML81885573,6469 Camelia Drive,"$3,000,000 ",19,4,"2,844",3|0,"8,877 Lot SqFt",San Jose,Res. Single Family,60
S,ML81884402,1458 Inwood Court,"$2,486,000 ",19,5,"2,733",3|0,"8,522 Lot SqFt",Campbell,Res. Single Family,60
S,ML81886703,1441 Camino Robles Way,"$2,260,000 ",19,4,"2,390",2|1,"8,171 Lot SqFt",San Jose,Res. Single Family,51
S,ML81887791,2592 Lansford Avenue,"$2,050,000 ",19,3,"1,640",3|0,"8,059 Lot SqFt",San Jose,Res. Single Family,68
S,ML81885887,1442 Hoffman Lane,"$1,820,000 ",19,4,"2,340",2|1,"4,479 Lot SqFt",Campbell,Res. Single Family,17
S,ML81887123,4675 La Crescent Loop,"$1,500,000 ",19,4,"1,949",2|1,"3,200 Lot SqFt",San Jose,Res. Single Family,23
S,ML81884546,338 Blossom Hill Road,"$1,500,000 ",19,4,"1,926",2|1,"7,388 Lot SqFt",San Jose,Res. Single Family,53
S,ME222047172,3308 Whitman Way,"$1,450,000 ",19,3,"1,383",2|0,"6,055 Lot SqFt",San Jose,Res. Single Family,0
S,ML81884577,833 Apple Valley Drive,"$1,450,000 ",19,3,"1,270",2|0,"6,287 Lot SqFt",San Jose,Res. Single Family,62
S,ML81889083,170 S Morrison Avenue,"$1,280,000 ",19,2,"1,067",1|0,"6,474 Lot SqFt",San Jose,Res. Single Family,75
S,ML81885446,505 Calle Buena Vista,"$1,150,000 ",19,4,"1,831",2|1,"3,147 Lot SqFt",Morgan Hill,Res. Single Family,17
S,ML81885244,1678 Orlando Drive,"$960,000 ",19,4,"1,236",2|0,"5,346 Lot SqFt",San Jose,Res. Single Family,63
S,ML81885789,334 Rutland Avenue,"$890,000 ",19,2,"1,069",1|0,"3,873 Lot SqFt",San Jose,Res. Single Family,83
S,ML81890569,21764 Congress Hall Lane,"$6,400,000 ",20,5,"6,177",4|0,3.22 Acres,Saratoga,Res. Single Family,34
S,ML81887759,545 Valley View Drive,"$4,300,000 ",20,4,"3,885",3|1,"17,820 Lot SqFt",Los Altos,Res. Single Family,29
S,ML81887559,1650 Mcgregor Way,"$2,500,000 ",20,3,"1,400",2|0,"6,196 Lot SqFt",San Jose,Res. Single Family,63
S,ML81885763,520 Franklin Street,"$2,050,000 ",20,2,948,1|1,"2,500 Lot SqFt",Mountain View,Res. Single Family,82
S,ML81889153,575 Calle Siena ,"$1,860,000 ",20,5,"3,727",4|0,"7,904 Lot SqFt",Morgan Hill,Res. Single Family,23
S,ML81885832,1935 Saint Andrews Circle,"$1,850,000 ",20,6,"3,843",3|1,"8,433 Lot SqFt",Gilroy,Res. Single Family,23
S,ML81882181,773 Pelleas Lane,"$1,575,000 ",20,5,"2,533",3|0,"6,060 Lot SqFt",San Jose,Res. Single Family,49
S,ML81889109,537 Coakley Drive,"$1,500,000 ",20,3,"1,643",2|0,"6,100 Lot SqFt",San Jose,Res. Single Family,65
S,ML81885341,510 Beth Drive,"$1,010,000 ",20,4,"1,241",2|0,"4,918 Lot SqFt",San Jose,Res. Single Family,62
S,ME221143782,456 N 11th Street,"$920,000 ",20,2,"1,260",1|0,"5,985 Lot SqFt",San Jose,Res. Single Family,0
S,ML81885536,544 Hoover Court,"$740,000 ",20,2,"1,116",2|0,"3,149 Lot SqFt",Gilroy,Res. Single Family,39
S,ML81885695,19970 Herriman Avenue,"$4,200,000 ",21,4,"2,336",2|1,"11,718 Lot SqFt",Saratoga,Res. Single Family,65
S,ML81887238,1340 Elwood Drive,"$2,300,000 ",21,5,"2,620",2|1,"9,242 Lot SqFt",Los Gatos,Res. Single Family,54
S,ML81879274,1511 Shaw Drive,"$2,120,000 ",21,4,"1,885",3|0,"7,266 Lot SqFt",San Jose,Res. Single Family,63
S,ML81884440,935 Myrtle Street,"$1,995,000 ",21,3,"1,704",2|0,"7,618 Lot SqFt",San Jose,Res. Single Family,32
S,ML81890635,768 Dailey Avenue,"$1,430,000 ",21,4,"1,534",2|0,"6,784 Lot SqFt",San Jose,Res. Single Family,47
S,ML81883630,47 Roosevelt Circle,"$2,900,000 ",22,4,"1,664",2|0,"6,504 Lot SqFt",Palo Alto,Res. Single Family,71
S,ML81887992,365 Palo Alto Avenue,"$2,420,000 ",22,3,"1,314",2|0,"7,275 Lot SqFt",Mountain View,Res. Single Family,81
S,ML81888367,3457 Santa Barbara Avenue,"$2,000,000 ",22,4,"1,500",2|0,"5,344 Lot SqFt",Santa Clara,Res. Single Family,68
S,ML81888215,1494 Medallion Drive,"$1,825,000 ",22,3,"1,477",2|0,"8,449 Lot SqFt",San Jose,Res. Single Family,51
S,ME222047656,16030 Escobar Avenue,"$1,800,000 ",22,3,"1,672",2|1,"7,973 Lot SqFt",Los Gatos,Res. Single Family,0
S,ML81885813,89 River Ash Court,"$1,465,000 ",22,4,"1,935",2|0,"6,126 Lot SqFt",San Jose,Res. Single Family,43
S,ML81884691,2981 Park Lane,"$1,200,000 ",22,3,"1,289",2|0,"7,094 Lot SqFt",San Jose,Res. Single Family,54
S,ML81884548,118 Churchill Avenue,"$4,450,000 ",23,5,"3,713",5|0,"7,500 Lot SqFt",Palo Alto,Res. Single Family,16
S,ML81884562,424 N 3rd Street,"$2,300,000 ",23,5,"3,332",5|1,"9,510 Lot SqFt",San Jose,Res. Single Family,123
S,ML81883523,21150 Uvas Road,"$1,700,000 ",23,5,"2,483",3|1,5.09 Acres,Morgan Hill,Res. Single Family,57
S,ML81882486,1511 Blossom Hill Road,"$1,440,000 ",23,4,"1,252",2|0,"6,771 Lot SqFt",San Jose,Res. Single Family,63
S,ML81885505,53 Cleaves Avenue,"$1,150,000 ",23,3,"1,371",1|0,"4,678 Lot SqFt",San Jose,Res. Single Family,102
S,ML81888849,336 N Whisman Road,"$2,550,000 ",24,3,"1,740",2|0,"6,900 Lot SqFt",Mountain View,Res. Single Family,66
S,ML81887084,3299 Kirk Road,"$1,500,000 ",24,3,"1,160",2|0,"6,073 Lot SqFt",San Jose,Res. Single Family,66
S,ML81889747,2860 Encinitas Court,"$1,280,000 ",24,4,"1,900",2|0,"8,944 Lot SqFt",San Jose,Res. Single Family,52
S,ML81887225,3412 Casalino Court,"$1,180,000 ",24,3,"1,153",2|0,"8,144 Lot SqFt",San Jose,Res. Single Family,39
S,ML81884854,73 Alexander Court,"$1,120,000 ",24,4,"1,464",2|0,"7,523 Lot SqFt",San Jose,Res. Single Family,75
S,ML81878066,16800 Bohlman Road,"$2,500,000 ",25,4,"2,034",2|1,3.24 Acres,Saratoga,Res. Single Family,46
S,ML81888248,1383 Maryann Drive,"$1,750,000 ",25,3,"1,793",2|1,"7,152 Lot SqFt",Santa Clara,Res. Single Family,64
S,ML81883752,6129 Manteca Court,"$1,552,000 ",25,5,"2,132",2|1,"7,071 Lot SqFt",San Jose,Res. Single Family,55
S,ML81884631,606 Osage Court,"$1,430,000 ",25,3,"1,347",2|0,"8,433 Lot SqFt",San Jose,Res. Single Family,59
S,ML81887590,3358 Soares Court,"$2,070,000 ",26,5,"2,633",3|1,"6,390 Lot SqFt",Santa Clara,Res. Single Family,57
S,ML81883292,591 S Taaffe Street,"$1,950,000 ",26,4,"1,960",2|1,"4,900 Lot SqFt",Sunnyvale,Res. Single Family,82
S,ML81884155,2316 Bohannon Drive,"$1,825,000 ",26,3,"1,995",2|0,"6,200 Lot SqFt",Santa Clara,Res. Single Family,70
S,BE40986814,1219 Ravenscourt Ave ,"$1,650,000 ",26,3,"1,350",2|0,"5,959 Lot SqFt",San Jose,Res. Single Family,61
S,ML81886080,7111 Via Lomas Court,"$1,380,000 ",26,3,"1,688",2|0,"6,089 Lot SqFt",San Jose,Res. Single Family,50
S,ML81881192,1342 Lansing Avenue,"$1,300,000 ",26,4,"1,408",2|0,"6,075 Lot SqFt",San Jose,Res. Single Family,58
S,ML81889325,179 S 1st Street,"$1,050,000 ",26,1,540,1|0,"3,726 Lot SqFt",Campbell,Res. Single Family,85
S,ML81887692,2638 Pendragon Lane,"$875,000 ",26,3,"1,136",2|0,"5,057 Lot SqFt",San Jose,Res. Single Family,63
S,ML81883663,16741 Loma Street,"$3,800,000 ",27,5,"2,866",4|0,"5,027 Lot SqFt",Los Gatos,Res. Single Family,6
S,ME222030816,400 W Dunne Avenue,"$1,675,000 ",27,3,"1,668",2|1,"23,884 Lot SqFt",Morgan Hill,Res. Single Family,0
S,BE40987114,58 Pimentel Cir ,"$1,600,000 ",27,4,"2,284",3|1,"1,621 Lot SqFt",Milpitas,Res. Single Family,9
S,ML81884443,17051 Pistache Drive,"$1,270,000 ",27,4,"2,255",3|0,"4,828 Lot SqFt",Morgan Hill,Res. Single Family,11
S,ML81892795,3264 Rocky Mountain Drive,"$975,000 ",27,3,"1,040",2|0,"5,244 Lot SqFt",San Jose,Res. Single Family,62
S,ML81884379,125 Bennett Street,"$915,000 ",27,3,"1,336",2|1,"3,635 Lot SqFt",Gilroy,Res. Single Family,25
S,ML81880941,8030 Croy Road,"$842,500 ",27,3,"1,500",2|0,21.45 Acres,Morgan Hill,Res. Single Family,74
S,ML81886745,10301 Stonydale Drive,"$2,900,000 ",28,4,"2,282",2|1,"13,190 Lot SqFt",Cupertino,Res. Single Family,57
S,ML81885391,4127 Reedhurst Avenue,"$1,780,000 ",28,5,"2,350",3|0,"6,100 Lot SqFt",San Jose,Res. Single Family,60
S,EB40992364,674 Excalibur ,"$894,000 ",28,4,"1,242",2|0,"5,500 Lot SqFt",San Jose,Res. Single Family,62
S,ML81885796,145 Central Avenue,"$3,512,000 ",29,4,"3,428",3|1,"6,600 Lot SqFt",Los Gatos,Res. Single Family,77
S,ML81885587,387 Los Coches Street,"$1,800,000 ",29,4,"2,519",3|1,"2,062 Lot SqFt",Milpitas,Res. Single Family,7
S,ML81876955,745 Santa Ynez Street,"$1,610,000 ",29,5,"2,275",3|0,"5,188 Lot SqFt",Sunnyvale,Res. Single Family,68
S,ML81890263,330 Serrano Avenue,"$860,000 ",29,2,711,1|0,"7,540 Lot SqFt",San Jose,Res. Single Family,74
S,ML81887243,1258 Teresita Drive,"$2,050,000 ",30,4,"1,973",2|0,"7,474 Lot SqFt",San Jose,Res. Single Family,63
S,ML81886778,615 Bolsa Road,"$1,285,000 ",30,2,"1,040",1|0,11.82 Acres,Gilroy,Res. Single Family,70
S,ML81884718,872 Boyce Avenue,"$3,900,000 ",31,4,"2,410",3|0,"6,380 Lot SqFt",Palo Alto,Res. Single Family,97
S,ML81885379,18782 Withey Road,"$4,250,000 ",32,4,"3,732",3|1,1.08 Acres,Monte Sereno,Res. Single Family,27
S,ML81883187,19682 CHARTERS Avenue,"$4,100,000 ",32,4,"2,711",3|0,"10,200 Lot SqFt",Saratoga,Res. Single Family,56
S,SF422639439,20082 Forest Avenue,"$3,001,888 ",32,3,"1,187",2|0,"10,219 Lot SqFt",Cupertino,Res. Single Family,0
S,ML81884929,20408 Santa Cruz Highway,"$2,242,500 ",32,4,"2,512",3|0,4.06 Acres,Los Gatos,Res. Single Family,58
S,ME222047900,1575 Bautista Way,"$1,910,000 ",32,4,"3,225",3|1,"7,165 Lot SqFt",Morgan Hill,Res. Single Family,0
S,ML81884776,1834 Graham Lane,"$1,900,000 ",32,4,"2,221",3|0,"7,559 Lot SqFt",Santa Clara,Res. Single Family,70
S,ML81881937,944 E Taylor Street,"$1,230,000 ",32,7,"2,139",4|1,"10,093 Lot SqFt",San Jose,Res. Single Family,112
S,ML81879533,15670 Winchester Boulevard,"$3,225,000 ",33,6,"3,976",5|0,"14,389 Lot SqFt",Los Gatos,Res. Single Family,71
S,ML81885144,1457 Platt Avenue,"$1,580,000 ",33,5,"1,920",2|1,"5,526 Lot SqFt",Milpitas,Res. Single Family,58
S,ML81880864,625 Kiowa Circle,"$1,388,800 ",33,4,"1,503",2|0,"5,916 Lot SqFt",San Jose,Res. Single Family,55
S,ML81884413,18759 Cabernet Drive,"$3,274,000 ",34,5,"2,996",3|0,"11,187 Lot SqFt",Saratoga,Res. Single Family,36
S,ML81879647,58 Park Sharon Drive,"$1,550,000 ",34,5,"2,783",3|0,"9,348 Lot SqFt",San Jose,Res. Single Family,45
S,ML81884454,30 Pickford Avenue,"$1,200,000 ",34,4,"1,569",3|0,"7,245 Lot SqFt",San Jose,Res. Single Family,39
S,ML81880193,911 Michigan Avenue,"$2,390,000 ",35,4,"2,485",3|0,"6,494 Lot SqFt",San Jose,Res. Single Family,92
S,ML81878882,1927 Foxworthy Avenue,"$1,500,000 ",35,4,"1,400",2|0,"7,533 Lot SqFt",San Jose,Res. Single Family,65
S,ML81878648,654 Willis Avenue,"$1,100,000 ",35,4,"1,775",2|0,"6,082 Lot SqFt",San Jose,Res. Single Family,107
S,ML81881619,1050 Lois Avenue,"$2,596,950 ",36,6,"2,411",2|1,"5,952 Lot SqFt",Sunnyvale,Res. Single Family,69
S,ML81883864,102 Brisbane Terrace,"$1,875,000 ",37,3,"1,777",2|1,"2,312 Lot SqFt",Sunnyvale,Res. Single Family,34
S,ML81880298,368 Henderson Drive,"$1,200,000 ",37,2,930,1|0,"6,461 Lot SqFt",San Jose,Res. Single Family,54
S,ML81885750,872 Ryan Court,"$750,000 ",37,3,960,1|1,"6,043 Lot SqFt",Gilroy,Res. Single Family,50
S,ML81879222,1475 York Avenue,"$2,580,000 ",38,4,"2,345",3|0,"11,761 Lot SqFt",Campbell,Res. Single Family,26
S,ML81885770,3343 Cuesta Drive,"$1,400,000 ",38,4,"2,125",3|0,"6,000 Lot SqFt",San Jose,Res. Single Family,57
S,ML81882198,615 Minor Avenue,"$1,275,000 ",38,4,"1,941",3|0,"6,710 Lot SqFt",San Jose,Res. Single Family,122
S,ML81884560,1363 Cliffwood Drive,"$1,250,000 ",38,3,"1,490",3|0,"5,190 Lot SqFt",San Jose,Res. Single Family,63
S,ML81877235,1775 Paradise View Road ,"$1,865,000 ",39,4,"3,495",3|0,3.55 Acres,Morgan Hill,Res. Single Family,53
S,ML81883701,"473 Curie Drive, #1","$1,650,000 ",39,4,"2,256",2|1,"6,215 Lot SqFt",San Jose,Res. Single Family,46
S,ML81885988,4240 Briarglen Drive,"$1,600,000 ",39,4,"1,816",2|0,"6,046 Lot SqFt",San Jose,Res. Single Family,44
S,ML81883168,5098 Severance Drive,"$1,350,000 ",39,3,"1,330",2|0,"7,827 Lot SqFt",San Jose,Res. Single Family,49
S,ML81885039,225 Longview Drive,"$1,040,000 ",40,3,"1,402",2|0,"6,532 Lot SqFt",Morgan Hill,Res. Single Family,63
S,ML81883050,27 Crescent Drive,"$6,902,000 ",42,4,"4,540",3|2,1.02 Acres,Palo Alto,Res. Single Family,87
S,ML81881932,7140 Via Maria ,"$1,450,000 ",44,4,"1,833",2|1,"5,892 Lot SqFt",San Jose,Res. Single Family,54
S,ML81885120,684 N 15th Street,"$1,050,000 ",44,3,"1,068",1|0,"5,441 Lot SqFt",San Jose,Res. Single Family,104
S,ML81879599,1373 Santa Paula Avenue,"$1,388,000 ",46,4,"1,775",2|0,"5,371 Lot SqFt",San Jose,Res. Single Family,74
S,ML81884889,1057 S 7th Street,"$1,100,000 ",48,2,"1,358",2|0,"5,591 Lot SqFt",San Jose,Res. Single Family,114
S,ML81879930,2252 Louis Road,"$3,700,000 ",50,5,"2,209",2|1,"7,353 Lot SqFt",Palo Alto,Res. Single Family,76
S,ML81874681,96 Fox Avenue,"$1,125,000 ",51,2,"1,365",2|0,"4,575 Lot SqFt",San Jose,Res. Single Family,114
S,ML81884391,111 George Court,"$1,650,000 ",52,4,"1,965",2|1,"2,606 Lot SqFt",Campbell,Res. Single Family,13
S,ME222023429,1413 Pheasant Drive,"$1,110,000 ",54,4,"1,891",3|0,"5,959 Lot SqFt",Gilroy,Res. Single Family,0
S,ML81885564,123 N 25th Street,"$950,000 ",56,2,"1,174",1|0,"4,993 Lot SqFt",San Jose,Res. Single Family,76
S,ML81881871,19000 Buckeye Road,"$749,000 ",59,1,512,1|0,1.21 Acres,Los Gatos,Res. Single Family,53
S,BA322014173,595 Minor Avenue,"$1,200,000 ",60,3,"1,635",2|0,"5,345 Lot SqFt",San Jose,Res. Single Family,0
S,ML81878763,685 Margaret Lane,"$2,208,000 ",61,4,"1,963",3|0,"8,606 Lot SqFt",Campbell,Res. Single Family,74
S,ML81882202,2768 Ophelia Avenue,"$985,000 ",61,3,"1,043",1|1,"5,730 Lot SqFt",San Jose,Res. Single Family,61
S,ML81882895 ,1075 Lincoln Street,"$1,760,000 ",62,3,"1,138",1|1,"7,537 Lot SqFt",Santa Clara,Res. Single Family,1
S,ML81879965,15871 Mina Way,"$6,510,000 ",68,5,"5,397",5|1,"17,941 Lot SqFt",Saratoga,Res. Single Family,21
S,BE40984597,1231 State St ,"$1,785,000 ",69,7,"2,625",4|0,"9,000 Lot SqFt",,Res. Single Family,72
S,ML81876783,27470 Black Mountain Road,"$19,000,000 ",89,5,"8,958",6|2,1.17 Acres,Los Altos Hills,Res. Single Family,2
S,BE40944018,764 Alice Ave ,"$1,800,000 ",109,4,"1,841",2|1,"9,877 Lot SqFt",Mountain View,Res. Single Family,69
S,ML81820111,16330 Matilija Drive,"$3,690,000 ",144,3,"3,100",2|0,1.10 Acres,Los Gatos,Res. Single Family,54
S,ML81868289 ,17465 Chesbro Lake Drive,"$2,499,000 ",163,4,"3,209",3|0,41.62 Acres,Morgan Hill,Res. Single Family,51
S,ML81857873,686 Spargur Drive,"$7,100,000 ",228,6,"5,850",6|0,"16,604 Lot SqFt",Los Altos,Res. Single Family,2
S,ML81819706,945 Thornton Way,"$1,800,000 ",430,3,924,1|0,"20,694 Lot SqFt",San Jose,Res. Single Family,71